"","","","","","","","","","","","","","","","","","","","","","","","","",""
"1",0,0,0,0,0,1,0,0,1,1,0,0,0,1,0,1,0,0,0,0,0,0,1,0,0
"2",1,1,1,1,0,1,1,1,1,0,0,1,0,0,1,0,1,1,1,1,0,1,1,0,1
"3",1,1,1,0,0,1,1,1,0,0,1,0,0,0,0,1,1,1,0,0,0,0,0,0,0
"4",1,0,0,0,0,1,1,1,0,0,1,0,0,0,0,0,1,1,0,0,0,0,1,1,0
"5",0,0,0,1,0,0,0,0,0,0,1,0,0,0,0,1,1,0,1,0,0,0,0,1,0
"6",1,1,1,0,0,1,1,1,1,0,1,1,1,0,0,1,1,1,1,1,1,1,1,1,0
"7",1,0,0,0,0,1,0,1,0,0,0,0,0,0,0,0,0,0,0,0,1,0,0,0,0
"8",1,1,1,1,0,1,1,1,1,1,1,1,1,0,0,1,1,1,1,0,1,0,1,1,0
"9",1,0,0,1,0,1,1,1,1,0,1,0,0,1,0,1,1,1,1,0,1,0,1,0,0
"10",0,0,0,0,0,0,0,0,0,0,0,0,0,0,0,0,0,0,0,0,0,0,0,0,0
"11",1,0,1,1,0,1,1,1,1,0,0,0,1,0,0,0,1,1,0,1,0,0,0,0,0
"12",0,0,1,0,0,0,1,1,1,0,0,0,1,0,0,1,1,1,0,0,0,1,1,0,0
"13",1,1,1,0,0,1,1,1,1,0,1,0,0,0,0,0,0,0,0,0,0,0,0,0,0
"14",1,1,0,0,0,1,1,0,0,0,0,0,0,0,0,0,1,0,0,0,0,0,0,0,0
"15",1,1,0,0,0,1,1,1,0,0,0,0,0,0,0,0,1,1,1,0,0,0,0,0,0
"16",0,0,1,0,1,0,1,0,1,0,0,0,0,0,0,0,1,1,1,0,0,0,0,0,0
"17",1,0,1,1,0,1,1,1,1,1,1,0,0,0,0,1,1,1,1,0,1,1,0,0,0
"18",1,0,0,0,0,1,0,0,0,0,0,0,0,0,0,0,0,0,0,0,0,0,0,0,0
"19",1,1,0,0,0,0,0,1,1,0,0,0,0,0,0,1,1,0,1,0,0,0,0,0,0
"20",1,1,0,0,0,1,1,1,0,0,1,0,0,0,0,1,1,1,0,0,1,1,0,0,0
"21",1,0,0,0,0,1,1,0,1,0,1,0,0,0,0,1,1,0,1,0,1,0,0,0,0
"22",0,0,0,0,1,0,1,1,1,1,0,1,1,1,0,0,0,1,1,1,0,0,1,1,1
"23",1,0,0,0,0,0,1,1,0,1,0,0,1,0,0,1,1,0,0,0,1,0,0,1,0
"24",1,0,1,0,1,1,1,1,1,1,1,0,0,0,0,1,1,0,0,0,1,0,1,1,0
"25",0,1,1,0,0,0,1,1,1,0,0,1,1,0,0,0,0,1,0,0,0,1,1,0,0
"26",1,1,1,1,0,0,1,1,1,0,0,1,0,0,0,1,1,1,1,0,0,0,0,0,0
"27",1,1,0,0,0,0,1,1,1,0,0,0,0,0,0,0,1,1,0,0,0,0,0,0,0
"28",1,1,1,1,0,1,1,1,1,0,1,1,0,0,0,1,1,1,0,0,1,1,1,0,0
"29",1,1,0,0,1,1,1,1,1,1,0,0,0,0,0,1,1,1,1,0,0,0,0,0,0
"30",0,0,0,0,0,1,0,0,0,0,0,0,0,0,0,0,1,0,0,0,0,0,0,0,0
"31",1,1,0,0,0,1,1,1,0,0,1,1,0,0,0,1,1,1,0,0,1,1,0,0,0
"32",1,0,0,0,0,0,0,1,0,0,0,0,0,0,1,1,1,1,0,0,0,0,0,0,0
"33",1,1,0,0,0,1,1,1,0,0,1,0,0,0,0,1,0,0,0,1,0,0,0,0,0
"34",1,1,0,0,1,1,1,1,1,0,1,0,0,0,0,0,1,1,0,0,0,0,0,0,0
"35",1,0,1,0,0,1,1,1,1,0,0,0,0,0,0,0,1,0,0,0,0,0,0,1,0
"36",1,1,1,0,0,1,1,1,1,0,0,1,0,0,0,0,1,1,0,0,0,1,1,0,0
"37",1,1,1,1,1,1,1,1,0,0,1,0,0,0,0,0,1,0,0,1,1,1,1,0,0
"38",1,1,0,0,0,1,1,1,0,0,1,0,0,0,0,1,1,0,1,0,1,1,0,0,0
"39",1,0,1,0,0,1,1,1,0,0,1,0,0,0,0,1,1,0,1,0,0,1,0,0,0
"40",0,0,0,0,0,1,0,0,0,0,0,0,0,0,0,0,0,1,1,1,0,1,1,1,0
"41",1,1,1,0,1,1,1,1,1,0,1,1,1,0,0,1,1,1,1,1,1,1,1,0,0
"42",0,0,0,0,1,0,0,0,1,0,0,0,0,1,0,0,1,0,0,1,0,1,0,0,0
"43",1,1,1,1,0,1,1,1,1,1,1,1,1,1,1,1,1,1,1,1,1,1,1,1,1
"44",0,1,0,1,0,0,1,1,1,0,0,1,0,0,0,0,1,1,0,0,0,0,1,0,0
"45",1,1,0,0,0,1,1,0,0,0,1,0,0,0,0,0,1,0,0,0,0,0,0,1,0
"46",1,1,1,1,1,1,1,1,1,1,1,1,1,1,1,1,1,1,1,1,1,1,1,1,1
"47",1,1,1,1,1,1,1,1,1,1,1,1,1,1,1,1,1,1,1,1,1,1,1,1,1
"48",0,1,0,0,0,1,0,1,0,0,1,0,0,0,0,0,0,0,0,0,0,0,0,0,0
"49",1,0,0,0,0,1,1,1,0,0,0,0,0,0,0,0,1,0,0,0,0,0,0,0,0
"50",1,1,0,1,0,1,1,1,1,1,0,0,0,0,0,1,1,1,1,1,0,1,0,0,1
"51",1,1,0,0,0,1,1,1,0,0,1,0,0,0,0,1,1,0,0,0,0,0,0,0,0
"52",1,1,0,0,0,1,1,1,0,0,0,0,0,0,0,0,0,1,0,0,0,1,0,0,0
"53",0,0,0,1,0,0,0,0,1,0,0,0,0,0,1,0,1,0,1,0,0,0,0,1,1
"54",0,0,1,0,1,0,1,0,0,0,0,0,0,0,0,0,1,1,0,0,0,1,1,0,0
"55",1,1,0,0,1,1,1,1,1,0,1,0,0,0,0,1,1,1,1,0,0,1,1,1,0
"56",1,0,0,0,1,1,0,1,0,0,1,1,0,0,0,0,1,1,0,0,0,0,0,1,0
"57",0,0,0,0,1,0,0,0,0,0,0,1,1,1,0,0,1,0,0,0,0,0,1,0,0
"58",1,1,1,1,1,0,1,1,1,1,0,1,1,1,0,1,1,1,1,1,0,1,1,1,1
"59",1,0,1,0,0,1,0,1,1,0,0,0,0,0,0,0,0,0,0,0,0,0,0,0,0
"60",1,0,1,0,0,1,1,1,0,0,0,1,0,0,0,1,1,1,0,0,1,1,1,0,0
"61",1,1,0,0,0,0,1,1,0,0,0,0,0,0,0,0,0,0,0,0,0,0,0,0,0
"62",0,0,0,1,0,1,0,1,0,1,0,0,0,0,0,0,0,0,1,0,0,0,0,1,0
"63",1,0,1,1,0,0,1,0,1,0,0,1,0,0,0,0,1,1,1,0,0,1,0,0,0
"64",1,1,0,0,0,1,1,1,0,0,1,1,0,0,0,1,1,1,0,0,1,1,1,0,0
"65",1,0,0,1,0,1,0,1,0,1,0,0,1,0,0,0,0,0,1,0,0,0,1,1,1
"66",0,0,0,0,0,0,0,0,0,0,0,0,0,0,0,0,0,0,0,0,0,0,0,0,1
"67",0,1,0,0,0,1,0,0,0,0,0,0,0,0,0,0,0,0,0,0,0,0,0,0,0
"68",0,0,1,0,0,1,1,1,1,0,0,1,0,0,0,1,1,0,0,0,0,0,0,0,0
"69",1,0,0,0,0,1,1,1,1,0,1,0,0,0,0,0,1,0,0,0,0,0,0,0,0
"70",0,1,1,0,0,0,1,1,1,0,0,0,0,0,0,0,1,1,1,1,0,1,0,0,0
"71",1,1,1,0,1,1,1,0,1,1,1,1,1,1,0,1,0,1,1,0,1,0,1,0,0
"72",1,1,1,1,1,1,1,1,1,0,0,1,0,0,0,1,1,1,1,1,0,1,1,0,0
"73",1,1,0,0,0,1,1,0,0,0,1,1,0,0,0,1,1,1,0,0,1,1,0,0,0
"74",1,1,1,0,1,1,1,1,1,1,0,0,1,0,0,1,1,1,1,0,0,0,1,0,0
"75",1,1,1,0,0,1,0,1,1,1,0,0,0,0,0,0,1,0,0,0,0,0,0,0,0
"76",1,1,1,0,0,1,1,1,0,0,1,0,0,0,0,1,1,1,0,0,1,0,1,0,0
"77",0,0,0,0,1,0,0,1,1,0,0,0,0,0,0,0,0,1,1,1,0,0,0,1,0
"78",1,0,0,1,0,1,1,1,1,0,1,1,1,1,1,1,1,1,0,0,0,1,0,0,0
"79",0,1,1,1,0,1,1,1,1,0,0,0,0,0,0,1,1,1,1,1,1,0,0,0,0
"80",0,1,0,0,0,0,1,1,0,0,0,0,0,0,0,1,1,0,1,0,0,0,0,0,0
"81",1,1,1,1,1,1,1,1,1,0,0,0,1,0,0,1,1,1,1,0,0,1,1,1,1
"82",1,1,1,1,1,1,1,1,1,1,1,1,1,0,0,1,1,1,0,1,0,0,1,1,1
"83",1,1,0,0,0,1,1,0,0,0,1,1,0,0,0,0,0,0,0,0,0,0,0,0,1
"84",0,0,0,0,0,0,0,0,0,0,0,0,0,0,0,0,0,0,1,0,0,0,0,0,0
"85",1,0,1,0,1,1,0,1,1,0,0,1,0,0,0,0,1,1,1,0,0,1,1,1,1
"86",1,1,0,0,0,0,0,1,0,0,0,1,1,0,0,1,0,1,1,0,0,0,0,0,0
"87",0,0,0,1,1,0,0,1,1,0,0,0,0,1,1,0,0,1,0,0,0,0,0,0,0
"88",1,1,0,0,0,1,1,1,0,0,1,0,0,0,0,1,1,1,0,0,0,0,0,0,0
"89",1,1,0,0,0,1,1,0,0,0,1,0,0,0,0,0,0,0,0,0,0,0,0,0,0
"90",1,1,0,0,0,1,1,1,1,1,1,0,0,0,0,0,1,1,1,0,0,0,1,0,0
"91",1,1,0,0,0,1,0,0,1,0,0,0,0,0,0,1,1,1,0,0,0,0,0,0,0
"92",1,0,0,0,1,1,1,1,0,0,0,0,0,0,0,1,1,0,0,1,0,0,0,0,0
"93",1,1,1,0,0,1,1,1,1,0,1,0,0,0,0,1,1,1,0,0,0,1,1,0,0
"94",1,1,0,0,1,1,0,1,1,0,1,1,0,0,0,1,0,1,0,1,0,1,1,0,0
"95",1,1,1,1,1,1,1,1,1,1,1,1,1,0,0,1,1,1,1,1,1,1,1,1,0
"96",1,0,1,1,0,1,1,1,1,1,1,1,0,0,0,1,1,0,0,0,1,0,0,0,0
"97",1,1,0,0,0,1,1,1,1,1,1,1,0,0,0,1,1,1,1,0,1,1,0,0,0
"98",0,1,1,0,0,0,1,1,1,0,0,0,0,1,0,0,1,1,1,0,0,1,0,0,0
"99",1,1,1,0,0,1,1,1,0,0,1,1,0,0,0,1,1,1,1,0,0,0,0,1,0
"100",0,1,0,0,0,0,1,1,0,0,1,0,0,0,0,1,0,0,0,0,0,0,0,0,0
"101",1,1,1,0,1,0,0,1,1,1,0,0,0,1,1,0,1,0,1,1,0,1,0,1,1
"102",0,1,0,1,0,1,1,1,1,0,0,1,0,1,0,0,1,1,1,0,0,0,0,1,0
"103",0,0,0,0,0,0,0,0,0,1,0,0,0,0,0,0,0,1,1,0,0,0,0,0,0
"104",0,1,1,1,1,0,1,1,1,1,0,0,1,0,0,1,0,1,0,1,0,0,1,0,0
"105",1,0,0,0,0,1,0,0,0,0,0,0,0,0,0,1,0,0,0,0,0,0,0,0,0
"106",1,1,1,0,1,1,1,1,1,0,0,1,0,0,0,1,0,1,0,1,0,0,1,0,1
"107",1,1,0,0,0,0,1,1,1,0,0,0,0,0,0,0,0,1,0,0,1,0,0,0,0
"108",1,1,0,0,0,1,0,0,0,0,0,0,0,0,0,0,0,0,0,0,1,0,0,0,0
"109",1,1,1,0,0,0,1,1,1,0,0,1,1,0,0,0,1,1,1,0,0,1,1,0,1
"110",1,1,1,0,0,1,1,1,1,0,1,0,0,1,1,0,0,0,0,0,0,0,0,0,1
"111",1,1,1,0,0,1,1,1,1,0,1,1,1,0,0,1,1,1,0,0,1,1,1,0,0
"112",1,1,1,0,1,1,1,1,1,0,1,1,1,0,0,1,1,1,1,1,1,1,1,1,0
"113",1,1,1,1,0,1,1,1,1,0,1,1,1,1,0,1,1,1,1,0,1,1,0,1,1
"114",1,1,1,0,0,1,1,1,0,0,1,1,0,1,1,1,1,1,0,1,1,1,0,1,1
"115",1,1,1,1,0,0,1,1,1,0,0,1,1,0,0,1,1,1,0,0,0,1,1,0,0
"116",1,1,1,1,0,1,1,1,1,0,1,0,1,0,0,1,1,1,1,0,1,1,0,1,0
"117",1,0,1,1,1,1,0,1,0,1,0,0,0,0,0,1,1,0,1,1,0,0,0,0,0
"118",1,1,0,0,1,1,0,1,1,0,0,0,0,0,0,1,1,1,0,1,0,1,1,0,0
"119",1,1,1,1,0,1,1,1,1,0,0,1,1,0,0,1,1,1,0,0,0,1,1,0,0
"120",1,0,0,0,0,1,1,1,0,0,1,0,0,1,0,0,1,1,0,0,0,0,0,0,0
"121",1,1,1,0,0,1,1,1,1,0,1,0,0,0,0,1,1,1,0,0,1,1,1,0,0
"122",0,0,0,1,1,0,0,0,1,1,0,0,0,1,0,0,0,1,0,0,1,1,0,1,0
"123",0,1,0,1,0,1,0,1,1,1,1,1,0,0,0,1,1,0,0,0,1,1,0,0,0
"124",0,0,1,0,1,1,0,1,0,0,0,0,0,0,0,1,1,1,0,1,0,0,0,0,0
"125",1,1,1,0,0,0,0,0,1,0,0,0,0,0,0,0,1,1,0,0,0,0,0,0,0
"126",0,1,1,1,0,1,0,1,1,0,0,0,1,1,0,0,1,1,1,0,0,0,0,1,0
"127",1,1,0,0,0,1,1,1,0,0,1,0,0,0,0,1,0,0,1,0,0,0,0,0,0
"128",0,1,0,0,0,1,1,0,1,0,1,0,0,0,0,1,1,0,0,0,1,1,0,0,0
"129",1,0,0,0,0,1,0,1,0,1,0,0,0,0,0,1,0,1,1,0,0,0,0,0,0
"130",1,0,1,1,1,1,1,1,1,1,1,1,1,1,1,1,1,1,1,1,1,1,1,1,1
"131",1,1,0,1,0,1,1,1,0,0,1,0,0,0,0,1,1,0,0,0,1,1,0,0,0
"132",1,1,1,0,0,1,1,1,0,0,1,1,1,1,0,1,1,1,1,0,0,1,1,0,0
"133",0,0,1,1,1,0,0,1,1,0,0,0,0,0,0,1,1,1,1,0,0,0,0,0,0
"134",1,1,1,0,0,1,1,1,1,0,1,1,0,1,0,1,1,0,0,0,1,0,0,0,0
"135",1,1,1,0,0,1,1,0,0,0,1,1,0,0,0,1,0,0,0,0,1,0,0,0,0
"136",1,1,1,0,0,1,1,1,1,0,1,1,1,0,0,1,1,1,1,1,1,1,1,0,1
"137",1,0,0,1,0,0,0,1,0,0,0,0,0,1,0,0,0,0,1,1,0,0,0,1,0
"138",1,1,1,1,1,1,1,1,1,1,1,1,1,1,1,1,1,1,1,1,1,1,1,1,1
"139",0,0,1,0,0,1,0,0,1,0,0,0,1,0,0,0,0,0,1,0,0,0,0,0,0
"140",1,1,1,0,1,1,0,1,1,0,0,0,0,1,1,1,1,1,1,0,0,1,1,0,1
"141",1,1,0,1,1,1,0,1,1,0,0,0,0,1,0,0,0,1,0,0,0,0,0,0,0
"142",0,0,0,1,0,0,0,1,1,1,0,1,0,0,0,0,1,1,1,1,1,1,0,0,0
"143",1,1,1,0,0,1,1,1,1,0,1,0,0,0,0,1,1,1,0,0,0,1,1,1,0
"144",1,1,1,1,1,1,1,1,1,1,1,1,1,1,0,1,1,1,1,1,1,1,1,0,1
"145",1,1,1,1,0,1,0,1,0,0,1,0,0,1,0,1,1,1,1,0,0,0,1,1,0
"146",1,1,1,0,1,1,1,1,1,0,1,1,0,0,0,1,1,1,0,1,1,1,1,0,0
"147",1,1,1,1,0,1,1,1,1,0,1,1,1,0,0,1,1,1,1,1,1,1,1,1,0
"148",1,1,0,1,0,1,1,1,1,0,0,0,0,0,0,0,1,0,0,0,0,0,0,0,0
"149",1,1,1,1,1,1,1,1,1,1,1,1,1,1,1,1,1,1,1,1,1,1,1,1,1
"150",1,0,0,0,0,1,0,0,0,0,1,0,0,0,0,1,1,0,0,0,0,0,0,0,0
"151",1,0,0,0,0,1,0,1,1,0,1,0,0,0,0,1,1,0,1,0,0,1,0,0,0
"152",0,1,0,0,0,0,0,0,1,0,0,0,0,0,0,0,0,0,1,0,0,0,0,0,0
"153",1,1,1,0,0,0,0,1,0,0,0,0,0,0,0,0,0,1,0,0,1,0,1,0,0
"154",0,0,1,1,1,0,0,1,1,1,0,0,1,1,0,0,1,0,0,0,0,1,0,0,0
"155",1,1,1,0,0,1,1,1,1,0,1,1,1,1,0,1,1,1,1,0,1,1,1,1,0
"156",1,1,1,0,1,1,1,1,1,0,1,1,0,0,0,1,1,0,0,0,1,1,1,0,0
"157",1,0,1,0,0,1,1,1,0,0,1,0,0,0,0,1,0,1,0,0,1,1,0,0,0
"158",1,0,0,0,0,1,1,1,0,0,1,0,0,0,0,1,1,0,0,0,1,1,0,0,0
"159",1,0,0,1,0,1,1,1,0,1,1,0,0,0,0,1,1,0,1,0,1,0,1,0,0
"160",1,0,0,0,0,1,1,0,0,0,0,0,0,0,0,1,1,0,0,0,0,0,1,0,0
"161",1,1,1,1,1,1,1,1,1,1,1,1,1,1,1,1,1,1,1,1,1,1,1,1,1
"162",1,1,0,0,1,1,1,1,0,0,0,0,0,0,0,1,1,0,0,0,0,0,0,0,0
"163",0,0,0,1,0,1,1,1,0,0,0,0,1,0,0,0,1,1,0,0,0,0,1,0,0
"164",0,1,1,1,0,1,1,1,1,1,1,1,1,1,0,0,1,1,1,0,0,0,1,0,1
"165",1,1,0,1,1,1,1,1,0,0,1,1,1,1,1,1,1,0,1,1,0,1,1,1,1
"166",1,1,1,0,0,1,1,1,0,0,1,0,0,0,0,1,1,1,0,1,1,1,1,0,0
"167",1,0,0,0,0,0,0,1,1,0,0,0,0,0,0,0,1,1,1,0,0,0,0,0,0
"168",1,1,1,1,1,0,0,1,1,0,0,0,0,1,0,0,1,1,1,0,0,0,0,1,0
"169",0,0,1,0,0,0,0,0,0,1,0,0,0,1,0,0,0,0,0,0,0,0,0,0,0
"170",1,1,1,1,1,1,1,1,1,1,1,1,1,1,1,1,1,1,1,1,1,1,1,1,1
"171",1,1,1,1,1,1,1,1,1,1,1,1,1,1,1,1,1,1,1,1,1,1,1,1,0
"172",1,0,0,0,0,1,1,1,0,0,1,0,0,0,0,1,1,0,0,0,0,0,0,0,0
"173",1,0,0,1,1,1,0,1,1,1,0,1,1,1,1,0,1,1,1,1,0,1,1,1,1
"174",1,0,0,0,0,1,0,1,1,1,1,0,0,1,0,0,1,1,1,1,1,0,0,1,1
"175",1,1,0,0,0,1,1,1,1,0,0,0,0,0,0,1,1,1,1,0,0,0,0,0,0
"176",0,0,0,0,0,0,0,1,1,0,0,0,0,0,0,0,1,1,0,1,0,0,1,0,0
"177",1,0,0,1,1,1,1,1,1,0,1,0,0,0,0,1,1,0,0,0,1,0,1,0,0
"178",0,1,1,1,0,1,1,1,1,0,1,1,0,0,0,1,1,1,1,0,0,1,0,1,0
"179",0,1,1,1,1,1,1,1,1,0,0,0,1,1,1,0,1,1,1,1,1,0,1,1,1
"180",1,1,1,0,0,1,1,1,1,0,0,0,0,0,0,1,1,1,0,0,1,0,0,0,0
"181",1,1,1,0,0,1,1,1,1,0,1,1,0,0,0,1,1,0,0,0,1,1,0,0,0
"182",1,1,1,1,1,1,1,1,1,1,1,1,0,0,0,1,1,1,0,0,1,1,1,0,0
"183",1,1,0,1,0,1,1,1,0,0,1,1,0,0,0,1,1,1,0,0,1,1,1,0,0
"184",1,1,0,1,0,1,1,1,0,0,1,1,0,1,1,0,1,1,1,1,1,0,0,0,1
"185",0,0,0,1,1,0,1,1,1,1,0,0,0,0,1,0,1,1,1,0,0,0,0,0,0
"186",1,1,1,1,1,1,1,1,1,1,0,0,1,1,0,1,1,1,1,1,0,0,1,1,0
"187",1,1,0,1,0,1,1,1,1,0,1,1,0,0,0,1,1,1,0,0,0,1,1,0,0
"188",1,1,1,0,0,1,1,1,1,0,1,1,0,0,0,1,1,1,1,0,1,1,1,0,0
"189",1,1,1,1,1,1,1,1,1,0,1,1,1,0,0,1,1,1,1,0,1,1,1,1,0
"190",1,1,1,0,1,0,1,1,1,0,0,1,0,0,0,1,1,1,0,0,0,1,1,0,0
"191",1,1,1,0,1,1,1,1,1,0,1,1,0,0,0,1,1,1,0,1,1,0,0,0,0
"192",1,1,1,0,0,1,1,1,0,0,1,1,0,0,0,0,1,1,0,0,0,1,1,0,0
"193",1,1,0,0,1,1,1,1,1,0,1,0,0,0,0,1,1,1,1,0,1,1,1,0,1
"194",1,1,1,1,0,1,1,1,1,0,0,0,0,0,0,1,1,1,0,0,0,0,1,0,0
"195",0,1,1,0,0,0,1,1,1,0,1,0,0,0,0,1,1,0,1,0,1,1,0,1,0
"196",1,1,1,1,1,1,1,1,1,1,1,1,1,1,1,1,1,1,1,1,1,1,1,1,1
"197",0,1,1,0,1,1,0,0,1,0,1,0,0,0,0,0,1,1,0,0,0,1,0,1,0
"198",1,1,1,1,0,1,1,1,1,0,0,0,0,0,0,1,1,1,0,0,0,1,0,0,0
"199",1,1,1,1,0,1,1,1,1,0,1,1,1,1,0,1,1,1,1,0,1,1,1,1,0
"200",0,1,0,0,1,0,0,1,1,0,0,0,1,0,0,1,0,1,0,1,0,1,1,0,1
"201",1,0,0,0,1,1,0,0,0,1,0,0,0,0,0,1,1,1,0,1,0,0,1,0,0
"202",0,0,0,0,0,1,1,1,1,1,0,0,0,0,0,1,1,1,0,0,1,0,1,0,0
"203",1,1,1,0,0,1,1,1,1,0,1,1,1,0,0,1,1,1,0,0,1,1,1,0,0
"204",0,1,0,1,1,0,0,1,1,1,0,1,1,1,1,0,1,0,1,1,0,0,1,0,1
"205",1,1,0,0,0,1,0,1,0,0,1,0,0,0,0,1,1,0,0,0,0,1,0,0,0
"206",0,1,1,1,1,1,1,1,1,1,1,1,1,1,0,0,0,1,1,1,1,1,1,1,1
"207",0,0,1,1,1,0,1,1,1,1,0,1,1,0,0,0,1,1,0,0,1,0,0,0,0
"208",1,1,1,1,0,1,1,1,1,0,1,1,1,0,0,0,1,1,1,1,0,1,1,0,0
"209",1,1,0,0,0,0,0,1,1,0,0,0,0,0,0,1,1,1,1,0,0,1,0,0,0
"210",1,1,1,1,1,1,1,1,1,1,0,1,1,1,1,1,1,1,1,1,0,1,1,1,1
"211",1,1,1,0,0,0,1,1,1,0,1,1,1,0,0,0,1,1,1,0,1,1,1,0,0
"212",1,1,0,0,1,1,1,1,1,0,1,0,0,1,1,1,1,1,1,0,1,0,0,0,0
"213",1,1,1,1,1,1,1,1,1,0,1,1,1,1,1,1,1,1,1,1,0,1,1,1,0
"214",0,0,0,0,1,0,1,0,1,1,0,1,0,0,0,0,0,0,1,0,1,0,0,0,1
"215",1,1,0,1,0,1,1,1,1,0,1,1,1,1,1,1,1,1,1,1,1,1,1,1,1
"216",1,1,0,0,0,1,0,1,1,0,0,0,0,0,0,1,1,1,1,0,0,0,0,0,0
"217",1,0,1,1,0,1,0,1,1,0,0,0,1,0,1,1,1,1,0,0,1,0,0,1,0
"218",1,0,1,0,0,1,0,1,1,1,0,0,0,1,1,0,1,0,1,1,0,1,0,0,0
"219",1,1,1,0,0,1,1,1,1,0,1,1,1,0,0,1,1,1,1,0,1,1,0,0,0
"220",1,1,1,1,0,1,1,1,1,0,1,1,0,0,0,1,1,1,1,0,1,0,1,1,0
"221",1,1,0,1,1,0,1,1,1,1,0,0,0,0,1,0,1,0,1,0,0,0,1,1,0
"222",1,0,0,0,0,0,0,0,0,0,0,0,0,0,0,0,0,0,0,0,0,0,0,0,0
"223",1,1,0,1,0,0,0,0,0,0,0,1,1,0,0,1,1,0,0,0,1,1,0,0,0
"224",1,0,1,0,1,1,0,1,1,0,1,1,0,1,1,0,1,1,0,1,0,1,1,0,0
"225",1,1,1,1,1,1,1,1,1,1,1,1,1,1,0,1,1,1,1,1,1,1,1,1,0
"226",0,0,0,0,0,0,1,0,0,0,0,0,0,0,0,0,0,0,0,0,1,1,0,0,0
"227",1,0,1,0,0,1,0,0,0,0,0,0,0,0,0,1,0,0,0,0,1,0,0,0,0
"228",1,0,0,0,0,0,0,0,0,0,0,0,0,0,0,0,1,0,0,0,0,0,0,0,0
"229",1,1,1,1,1,1,0,1,1,1,0,0,1,1,1,1,1,1,1,1,0,0,1,1,1
"230",0,1,1,1,1,0,0,1,1,0,0,0,1,1,0,0,0,1,1,0,0,1,1,1,0
"231",0,0,0,0,0,0,0,0,0,0,0,0,0,0,0,0,0,0,0,0,0,0,0,0,0
"232",1,1,1,0,0,1,1,1,0,0,1,1,0,0,0,1,1,0,0,0,0,1,0,0,0
"233",0,0,0,0,0,0,1,1,1,0,0,0,0,0,0,0,1,0,0,0,0,0,0,0,0
"234",1,1,1,1,1,1,1,1,1,1,1,1,1,1,1,1,1,1,1,1,0,1,1,1,1
"235",1,0,1,1,1,1,1,0,1,1,1,0,0,0,0,1,0,0,1,1,1,0,1,1,0
"236",1,1,1,1,1,1,1,1,1,1,0,0,1,1,0,1,1,1,1,0,0,1,1,1,0
"237",1,1,1,1,0,1,1,1,0,0,1,1,0,0,0,1,1,0,0,0,1,1,1,0,0
"238",1,1,1,0,0,1,1,1,0,0,0,0,0,0,0,1,1,0,0,0,0,0,0,0,0
"239",0,1,1,0,0,0,0,0,0,0,0,1,0,0,0,0,0,1,0,0,0,0,0,0,0
"240",0,0,1,1,1,1,1,0,1,0,0,1,0,0,0,1,1,0,0,0,1,1,0,0,0
"241",1,0,1,0,0,1,1,1,1,0,1,0,0,0,0,1,1,1,0,1,0,1,1,0,0
"242",1,0,1,0,0,0,1,1,1,0,1,1,0,0,0,1,1,0,0,0,1,1,0,0,0
"243",1,1,0,0,0,1,1,0,1,0,0,0,0,0,0,1,1,0,0,0,0,0,0,0,0
"244",1,1,0,0,0,1,0,0,0,1,1,0,0,0,0,1,1,1,1,0,1,0,0,0,0
"245",0,0,0,0,1,0,1,1,1,0,0,1,1,0,1,0,1,1,0,1,0,1,0,0,0
"246",1,0,0,0,0,1,1,1,1,1,1,0,0,1,0,1,1,1,0,0,0,1,1,1,1
"247",1,1,1,0,0,1,1,1,1,0,1,1,0,0,0,1,1,1,0,0,1,1,1,0,0
"248",0,1,0,1,0,0,1,1,0,1,1,0,1,1,0,1,0,1,1,0,0,0,1,1,0
"249",1,0,0,0,1,1,1,1,1,0,0,0,0,0,0,1,1,1,0,0,0,1,0,0,0
"250",1,1,0,0,1,1,1,1,1,0,1,1,0,0,0,1,1,1,1,0,1,1,1,0,0
"251",1,0,1,1,1,1,1,1,1,0,1,1,1,1,0,1,1,1,1,0,0,1,1,1,1
"252",1,1,1,0,0,0,1,1,1,0,0,0,0,0,0,1,1,1,0,0,0,0,1,0,0
"253",0,1,1,0,0,1,1,1,1,0,1,1,0,0,0,1,1,1,1,1,1,1,1,0,0
"254",0,1,0,1,1,0,1,1,1,1,0,0,1,1,0,0,1,0,1,0,0,1,0,1,0
"255",1,1,1,1,1,1,1,1,0,0,1,1,1,0,0,1,1,1,0,0,0,1,1,0,0
"256",0,1,1,1,0,0,1,1,0,0,1,1,1,0,0,1,1,1,1,1,1,1,1,1,1
"257",1,1,0,1,0,1,1,1,1,0,0,0,0,0,0,1,1,1,0,0,0,0,0,0,0
"258",1,1,1,1,1,1,1,1,1,0,1,0,1,1,1,1,1,1,0,0,1,1,1,1,0
"259",0,1,0,1,1,0,1,1,1,0,1,1,0,0,0,1,1,1,0,1,1,1,1,1,0
"260",1,0,0,0,1,1,0,0,0,0,0,0,0,0,0,0,0,1,0,0,1,0,1,0,0
"261",0,0,0,0,1,1,1,1,1,0,0,0,0,0,0,0,1,1,0,0,1,0,1,0,0
"262",0,1,1,1,1,0,1,1,1,0,0,0,0,1,1,0,1,1,1,1,0,0,0,1,1
"263",0,0,0,0,0,0,0,0,0,0,0,0,0,0,0,0,0,0,0,0,0,0,0,0,0
"264",1,1,1,1,1,1,1,1,1,1,1,1,1,1,1,1,1,1,1,1,1,1,1,1,1
"265",1,1,0,1,0,1,0,1,1,0,0,0,0,0,0,0,0,0,0,1,0,1,0,1,0
"266",0,1,0,0,1,1,0,1,0,0,1,0,0,0,0,1,1,0,1,0,1,1,0,0,0
"267",1,1,1,0,0,1,1,1,1,0,1,0,0,0,0,1,0,1,0,1,1,1,1,0,0
"268",1,1,0,0,0,1,1,1,0,0,1,0,0,1,0,1,1,0,0,0,0,0,0,0,0
"269",0,1,0,0,0,0,1,1,0,0,0,0,1,0,0,0,1,0,0,0,0,0,0,0,0
"270",1,1,0,0,0,1,1,1,1,0,0,0,0,0,0,1,1,0,0,0,0,0,0,0,0
"271",1,1,0,0,0,1,1,1,1,0,1,0,0,0,0,1,1,1,0,0,1,1,1,0,0
"272",0,0,0,0,0,0,0,0,0,0,0,0,0,0,0,0,0,0,0,0,0,0,0,0,0
"273",0,0,0,0,0,0,0,1,0,0,0,0,0,0,0,0,0,0,0,0,0,0,0,0,0
"274",1,1,1,0,1,1,1,1,1,0,1,0,1,1,1,1,1,1,0,1,1,1,0,1,0
"275",1,1,0,1,1,1,1,1,1,1,1,1,1,1,0,1,0,0,1,0,1,1,0,1,1
"276",1,1,1,1,1,1,1,1,1,1,1,1,1,1,1,1,1,1,1,1,1,1,1,1,1
"277",1,1,1,1,1,1,1,1,1,1,1,0,0,1,0,1,1,1,0,1,1,1,1,1,1
"278",0,0,0,1,0,0,1,1,1,0,0,1,0,0,0,1,1,1,0,0,1,0,1,0,0
"279",1,0,1,1,0,1,1,1,1,0,1,0,0,0,1,1,1,0,1,1,1,0,0,0,1
"280",0,1,0,0,0,0,1,1,1,0,0,0,0,0,0,1,0,0,0,0,0,1,0,0,0
"281",1,1,1,0,0,1,1,1,1,0,1,0,1,1,0,1,1,1,1,0,0,1,1,1,1
"282",0,0,1,0,0,0,0,0,0,1,0,0,0,0,0,0,1,0,0,0,0,0,0,0,0
"283",0,1,1,0,1,0,1,1,1,0,0,1,1,0,0,1,1,0,0,0,0,1,0,1,0
"284",1,1,0,0,1,1,1,1,0,1,1,1,1,0,0,1,1,0,1,1,1,0,1,1,1
"285",1,0,0,0,0,0,0,1,1,0,0,0,0,0,0,1,1,1,0,0,0,1,0,0,0
"286",0,1,0,0,1,1,0,1,0,0,0,0,0,0,0,1,1,0,1,0,1,1,0,0,0
"287",1,1,1,0,0,1,1,1,0,0,1,0,0,0,0,1,1,1,0,0,0,1,1,0,0
"288",1,1,1,0,0,1,1,1,1,0,1,0,0,0,0,1,1,1,1,0,1,1,0,0,0
"289",1,1,1,0,0,1,1,1,1,0,0,0,0,0,0,0,0,0,0,0,0,0,0,0,0
"290",1,1,1,0,0,0,0,1,1,0,1,0,1,0,0,1,1,0,0,0,1,1,1,0,0
"291",1,1,0,0,0,1,1,1,1,0,1,1,0,0,0,1,1,1,0,0,1,1,0,0,0
"292",1,1,0,0,0,1,1,1,1,0,1,0,0,0,0,1,1,1,1,0,1,1,0,0,0
"293",1,1,1,0,0,1,1,1,0,0,0,0,0,0,0,1,1,0,1,0,1,0,0,0,0
"294",0,0,1,1,0,0,0,1,1,1,0,0,0,0,1,1,1,1,1,1,0,1,0,1,0
"295",1,1,1,0,0,1,0,0,0,0,1,0,0,0,0,1,0,0,0,0,1,0,0,0,0
"296",0,1,0,0,1,0,0,1,0,0,0,0,0,0,0,0,1,0,0,1,0,1,0,0,0
"297",1,0,0,0,0,1,1,1,1,1,1,0,1,0,0,1,1,0,0,0,1,1,0,0,0
"298",1,1,1,0,1,1,1,1,1,0,1,0,1,1,0,1,1,1,1,0,1,1,0,1,0
"299",0,1,0,0,0,0,1,1,1,0,0,1,0,1,0,0,0,1,0,0,0,1,0,0,0
"300",0,0,0,0,0,1,1,1,0,0,0,0,0,1,1,0,1,0,1,0,0,0,1,0,0
"301",0,0,0,0,1,0,0,0,0,0,0,0,0,0,0,0,0,0,0,0,0,0,0,0,0
"302",1,1,1,1,1,1,1,1,1,1,1,1,1,1,1,1,1,1,1,1,1,1,1,1,1
"303",1,1,1,1,0,1,1,1,1,0,1,1,0,0,0,1,1,1,1,1,1,1,1,1,0
"304",1,1,1,1,0,1,1,1,1,0,1,1,1,0,0,1,1,1,1,1,1,1,1,1,0
"305",0,1,1,0,0,0,1,1,1,0,0,0,0,0,0,0,1,1,0,0,0,1,0,0,0
"306",1,1,1,1,1,1,1,1,1,1,1,1,1,1,0,1,1,1,1,1,0,1,1,1,0
"307",0,0,1,1,1,0,1,1,1,0,0,0,1,1,0,0,1,1,1,1,0,1,1,1,0
"308",0,0,0,0,0,0,1,1,1,0,0,0,0,0,0,0,0,1,0,0,0,0,1,0,0
"309",1,1,1,1,0,1,1,1,1,0,1,1,1,0,0,1,1,1,1,0,1,1,1,1,0
"310",1,1,1,0,0,1,1,1,1,0,1,1,1,0,0,1,1,1,0,0,1,1,1,1,0
"311",1,0,1,1,1,1,1,1,1,1,0,0,1,0,1,0,0,1,1,1,0,1,1,1,0
"312",0,0,0,0,0,0,0,0,0,0,0,0,0,0,0,0,1,0,0,0,0,0,0,0,0
"313",0,0,1,0,0,1,0,1,1,0,0,0,0,0,0,1,0,0,0,0,0,0,0,0,0
"314",1,0,0,0,0,1,1,1,1,0,0,0,0,0,0,0,1,0,1,0,0,0,0,0,0
"315",0,0,0,1,0,1,1,1,1,0,0,0,0,0,0,0,1,0,0,0,1,0,0,0,0
"316",1,1,0,1,1,1,1,1,1,1,0,0,0,0,1,0,1,1,1,1,0,1,1,0,0
"317",0,1,0,1,1,1,1,1,1,1,0,1,1,1,0,1,1,1,1,1,0,1,1,1,1
"318",0,0,0,0,0,0,1,1,1,1,0,0,0,0,0,0,1,1,0,0,0,0,0,0,0
"319",0,0,0,0,1,1,1,0,0,0,1,0,0,0,0,1,1,1,0,0,1,0,1,0,0
"320",0,1,0,1,1,0,1,1,0,0,1,0,0,1,0,1,1,1,0,1,1,0,0,0,0
"321",0,1,0,0,0,1,1,0,1,0,1,0,0,0,0,1,1,1,0,0,1,1,1,0,0
"322",1,1,1,0,0,1,1,1,1,0,1,1,0,0,0,1,1,1,0,0,1,1,1,0,0
"323",1,1,1,1,1,1,1,1,1,1,0,1,1,1,0,0,1,1,1,1,0,1,1,1,1
"324",0,0,0,1,1,0,0,0,1,1,0,0,0,1,0,0,0,0,1,1,0,0,0,1,0
"325",1,1,1,1,1,1,1,1,1,1,1,1,1,1,1,1,1,1,1,1,1,1,1,1,1
"326",1,1,1,1,1,1,1,1,1,1,1,1,1,1,0,1,1,1,1,1,1,1,1,0,0
"327",1,1,0,0,0,1,1,1,1,1,1,1,1,0,0,1,1,0,1,0,1,1,0,1,0
"328",1,0,1,0,0,1,1,1,1,0,0,0,0,1,0,0,1,0,0,0,0,0,1,1,0
"329",1,1,1,0,0,1,1,1,1,0,1,0,0,0,0,0,1,1,0,1,0,1,1,0,0
"330",1,1,1,1,1,1,1,1,1,0,0,0,1,1,0,1,1,1,1,0,1,1,1,1,0
"331",1,1,1,0,1,1,0,0,1,0,0,1,0,1,0,0,1,0,1,0,0,1,0,0,0
"332",1,1,1,1,0,1,1,1,0,0,1,1,0,0,0,1,1,1,1,1,1,1,0,0,0
"333",1,1,0,0,1,1,1,1,1,1,1,0,1,0,0,1,1,1,1,1,1,0,1,0,0
"334",1,0,0,0,0,0,0,0,0,0,0,0,0,0,0,1,0,0,0,0,1,0,0,0,0
"335",1,1,1,1,1,1,1,1,1,1,1,1,1,1,0,1,1,1,1,1,1,1,1,1,1
"336",1,1,0,0,0,1,1,1,1,0,0,1,0,0,0,0,1,1,1,0,0,1,0,1,0
"337",1,1,0,0,1,0,1,0,1,1,0,0,0,0,0,1,1,1,1,1,1,1,0,0,0
"338",1,1,1,1,1,1,1,1,1,1,1,1,1,1,1,1,1,1,1,1,1,1,1,1,1
"339",1,1,0,0,0,1,1,1,1,0,1,1,0,0,0,1,1,0,0,0,0,0,0,0,0
"340",0,1,0,1,1,1,1,1,1,1,0,1,1,0,0,1,1,1,1,1,1,1,1,1,1
"341",1,1,1,0,0,1,1,1,1,0,1,1,1,0,1,1,1,1,1,0,1,1,1,1,0
"342",0,0,1,1,1,1,1,0,1,1,0,0,1,1,0,0,1,1,1,0,0,0,0,1,0
"343",1,1,1,1,0,1,1,1,1,1,1,1,1,1,1,1,1,1,1,0,1,1,1,1,0
"344",1,1,1,1,1,1,1,1,1,1,1,1,1,0,1,1,1,1,0,1,1,1,1,1,0
"345",0,0,0,1,1,0,1,1,0,0,0,0,0,0,0,0,0,0,0,0,0,0,0,0,0
"346",1,1,1,1,0,1,1,0,0,0,0,0,0,0,0,1,1,1,1,1,0,0,1,0,0
"347",1,0,1,0,0,0,1,0,1,1,0,1,0,1,0,0,1,1,1,1,1,1,1,1,0
"348",0,0,0,0,0,0,0,0,0,0,0,0,0,0,1,0,0,0,0,0,0,0,0,0,0
"349",1,1,0,0,0,1,1,1,0,0,0,0,0,0,0,1,1,0,1,0,0,0,0,0,0
"350",1,1,1,0,1,1,1,1,1,0,1,1,1,0,1,1,1,1,1,0,1,1,0,0,0
"351",1,0,1,0,0,1,0,1,1,0,1,0,0,0,1,1,1,1,0,0,1,0,0,0,1
"352",1,0,1,0,0,1,1,0,1,0,1,0,0,0,0,1,1,0,0,0,1,1,1,0,0
"353",0,0,0,0,0,0,0,0,0,0,0,1,0,0,0,1,1,1,0,0,0,0,0,0,0
"354",0,1,0,0,0,0,1,1,1,0,0,1,1,1,0,0,1,1,0,1,0,0,0,1,0
"355",0,0,0,1,0,0,0,0,1,0,0,1,1,1,1,1,1,1,1,1,0,1,1,0,1
"356",0,1,1,0,0,1,1,1,1,0,1,0,1,0,0,1,1,1,1,1,1,1,1,0,0
"357",1,1,1,0,0,1,1,1,1,0,1,1,0,0,0,1,1,1,0,0,0,1,0,0,0
"358",0,0,0,1,1,0,0,0,1,1,0,0,0,0,0,0,0,1,0,0,0,0,0,0,0
"359",0,0,0,0,0,0,0,0,0,0,0,0,0,0,0,0,0,0,0,0,0,0,0,0,0
"360",1,1,1,1,0,1,0,1,1,0,0,0,1,0,0,1,1,1,1,0,1,1,1,0,0
"361",0,0,0,0,1,1,1,0,1,0,0,0,0,0,0,1,0,0,0,0,0,0,0,0,0
"362",1,1,1,1,1,1,1,1,1,1,1,1,1,1,0,1,1,1,1,0,1,1,1,1,1
"363",1,1,1,1,1,1,1,1,1,1,1,1,0,1,0,1,1,1,0,1,1,0,0,0,0
"364",0,0,0,0,1,0,0,1,0,1,0,0,1,1,0,0,0,0,0,1,0,1,1,0,0
"365",0,0,0,1,1,0,0,1,1,1,0,1,1,1,0,0,1,1,1,1,0,1,1,1,0
"366",0,0,0,0,1,0,0,1,1,0,0,0,0,0,0,0,1,1,1,0,0,0,0,0,0
"367",1,1,1,1,1,1,1,1,1,1,1,1,1,1,0,1,1,1,1,1,1,1,1,1,1
"368",0,1,1,0,0,0,1,1,1,0,0,0,0,1,0,0,1,1,1,1,1,1,1,1,0
"369",1,1,1,1,1,1,1,1,1,0,0,0,0,0,0,0,1,1,1,1,0,1,1,1,1
"370",1,0,1,0,0,1,1,0,0,0,1,0,0,0,0,1,1,1,0,0,1,1,0,0,0
"371",0,1,1,0,0,0,1,1,0,0,0,0,0,0,0,0,1,0,1,0,0,1,0,0,0
"372",1,1,0,0,0,1,1,1,1,0,1,1,0,0,0,1,1,1,0,0,0,1,1,0,0
"373",1,0,0,1,0,1,0,1,0,0,1,0,0,0,0,1,1,0,0,0,1,1,0,0,0
"374",1,1,1,1,1,1,1,1,1,1,1,1,0,0,0,1,1,1,1,1,1,1,1,0,0
"375",1,1,1,1,0,1,1,1,0,0,1,1,0,0,0,1,1,1,0,0,0,1,1,0,0
"376",1,1,1,0,1,1,1,1,1,1,1,0,1,0,0,1,1,1,1,1,1,1,1,0,0
"377",1,1,1,0,0,1,1,1,1,0,1,1,0,0,0,1,1,1,0,0,1,1,1,0,0
"378",1,1,0,0,0,1,1,1,1,1,1,0,0,0,0,1,1,1,0,1,1,0,1,0,0
"379",0,1,1,1,1,0,1,1,1,1,0,0,0,0,0,0,1,1,1,1,0,0,0,0,0
"380",0,0,1,0,0,0,1,1,1,0,0,0,0,0,0,0,1,1,0,0,0,0,0,0,0
"381",1,1,1,0,0,1,1,1,0,0,1,0,0,0,0,1,1,1,0,1,1,1,0,0,1
"382",1,1,1,0,0,1,1,1,0,0,1,1,0,0,0,1,1,0,0,1,1,1,0,0,0
"383",1,1,1,1,1,1,1,1,1,1,1,1,1,1,1,1,1,1,1,1,1,1,1,1,1
"384",1,1,0,0,0,1,1,1,1,0,1,1,1,0,1,1,1,1,1,0,1,0,1,0,0
"385",1,1,1,0,1,1,0,1,1,0,1,1,0,1,0,1,1,1,0,0,1,1,1,0,1
"386",0,1,1,0,0,0,0,1,1,0,0,1,0,0,0,0,1,1,0,0,0,1,0,0,0
"387",1,1,1,1,1,1,1,1,1,1,1,1,1,1,0,1,1,1,1,1,1,1,1,1,1
"388",0,1,0,1,1,0,0,0,1,1,0,0,0,0,0,0,0,0,0,0,0,1,0,0,0
"389",1,0,0,0,0,1,1,1,1,0,1,0,0,0,0,1,1,1,1,1,1,0,0,0,0
"390",1,1,1,0,1,1,1,1,1,0,1,0,1,1,0,1,1,1,0,1,0,0,0,0,0
"391",0,1,0,0,0,0,1,0,0,0,0,0,0,0,0,0,0,0,0,0,0,0,0,0,0
"392",1,1,1,0,0,1,1,1,1,1,0,0,0,0,0,0,1,1,0,0,0,0,0,0,0
"393",1,0,0,0,0,1,1,1,1,0,0,0,0,0,0,0,1,0,0,0,0,0,0,0,0
"394",1,1,1,1,0,1,1,1,1,1,1,1,1,1,0,1,1,1,1,1,1,1,1,1,0
"395",1,1,0,0,0,1,1,1,0,0,1,0,0,0,0,1,0,0,0,0,1,0,0,0,0
"396",1,1,1,1,1,1,1,1,1,1,1,1,1,1,0,1,1,1,1,1,1,1,1,1,0
"397",1,1,1,0,1,1,1,1,1,0,0,0,0,0,0,1,1,1,0,0,0,0,0,0,0
"398",1,1,1,1,1,0,0,1,0,0,1,0,0,1,0,0,1,1,1,0,1,1,0,0,0
"399",1,1,1,1,1,1,1,1,1,1,1,1,1,1,1,1,1,1,1,1,1,1,1,1,1
"400",1,1,0,0,0,1,1,1,1,0,1,0,0,0,0,1,1,1,0,0,0,0,0,0,0
"401",0,1,1,1,1,1,1,1,1,0,0,0,0,0,0,0,1,1,0,0,0,0,0,0,0
"402",1,0,0,0,0,1,0,1,1,0,0,0,0,0,0,0,0,0,0,0,0,0,0,0,0
"403",1,1,1,1,0,1,1,1,1,1,1,1,0,0,0,1,1,1,0,0,1,1,1,0,0
"404",0,1,1,1,0,0,0,1,1,1,1,1,1,0,0,0,1,0,1,1,0,1,1,1,1
"405",1,1,1,1,1,1,1,0,0,0,0,0,1,1,0,1,1,1,1,1,0,0,0,1,0
"406",1,1,1,0,0,1,1,1,0,0,1,0,0,0,0,1,1,0,0,0,1,0,0,0,0
"407",1,1,0,0,1,1,1,1,1,1,0,0,0,1,0,1,1,1,1,1,0,1,0,1,0
"408",1,1,1,0,0,1,1,1,1,0,1,1,0,0,0,1,1,1,1,0,0,1,1,0,0
"409",1,0,0,0,0,1,1,0,1,0,0,0,0,0,0,1,1,1,0,1,0,0,0,0,0
"410",1,0,1,0,1,1,0,0,1,1,0,1,0,0,0,0,0,0,1,1,0,1,0,0,0
"411",1,1,0,0,1,1,0,1,1,0,0,0,0,0,0,0,1,1,0,0,0,0,0,0,0
"412",0,1,1,0,0,1,1,1,0,0,1,0,0,0,0,1,1,0,0,0,1,0,0,0,0
"413",1,1,1,0,0,1,1,1,1,0,1,1,1,0,0,1,1,1,1,0,0,1,1,1,0
"414",1,1,1,1,1,1,1,1,1,1,1,1,1,1,1,1,1,1,1,1,1,1,1,1,1
"415",0,0,1,0,1,0,1,1,1,1,0,0,0,0,0,1,1,1,1,1,0,1,0,1,0
"416",0,0,0,0,0,0,0,1,0,0,0,0,0,0,0,0,0,0,0,0,0,0,0,0,0
"417",0,0,0,0,0,1,1,0,0,0,0,0,0,0,0,0,1,0,0,0,0,0,0,1,0
"418",1,1,1,0,0,0,1,1,1,0,0,0,0,0,0,1,1,1,0,1,0,1,0,0,1
"419",1,1,1,0,1,1,1,1,1,1,1,0,0,0,0,1,1,1,1,1,1,1,1,1,1
"420",1,1,1,0,0,1,1,1,1,0,1,1,0,0,0,1,1,0,0,0,1,1,1,0,0
"421",0,0,1,1,0,0,1,1,1,0,0,0,0,0,0,1,1,0,1,0,0,0,0,0,0
"422",1,0,0,0,0,1,1,1,0,0,0,0,0,1,0,0,1,1,1,0,0,0,1,0,0
"423",1,1,1,1,1,1,1,1,1,0,1,0,0,1,0,1,1,1,1,0,1,0,0,0,0
"424",0,0,0,0,0,0,0,1,1,0,0,0,0,0,0,0,1,1,1,0,0,1,0,0,0
"425",1,1,0,0,1,1,0,1,1,0,1,0,0,1,0,1,1,1,1,1,0,1,1,0,0
"426",1,1,1,1,1,1,1,1,1,1,1,1,1,0,0,1,1,1,1,0,1,1,1,1,0
"427",1,1,1,1,1,1,1,1,1,1,1,1,1,1,1,1,1,1,1,1,1,1,1,1,1
"428",1,0,1,1,1,0,1,1,1,0,1,1,1,1,0,1,1,1,1,1,0,1,1,1,1
"429",1,1,0,0,1,1,1,1,1,1,1,0,1,1,1,1,1,1,1,1,1,1,1,1,1
"430",1,1,1,1,1,1,1,1,1,1,1,1,1,1,0,1,1,1,1,1,1,1,1,1,1
"431",1,1,0,1,0,0,0,1,0,0,0,0,0,0,0,0,1,0,1,0,0,1,1,0,0
"432",1,1,0,0,0,0,1,1,1,0,1,0,0,1,1,1,1,0,1,1,0,0,0,0,0
"433",1,1,1,1,1,1,1,1,1,1,0,0,1,1,0,1,1,1,1,1,0,0,1,1,1
"434",0,1,1,0,0,0,0,1,1,1,0,1,0,0,0,0,1,1,1,0,0,0,1,0,0
"435",0,0,0,0,0,1,0,1,1,0,0,0,0,0,0,1,1,1,1,0,0,1,0,0,0
"436",1,1,1,1,0,1,1,1,0,0,0,0,0,0,0,0,1,1,1,0,0,1,1,1,0
"437",1,1,1,1,1,1,1,1,1,1,1,1,1,1,1,1,1,1,1,1,1,1,1,1,1
"438",0,0,0,0,1,0,0,0,1,1,0,0,1,1,0,0,0,1,1,1,0,0,0,0,0
"439",1,0,0,0,0,0,1,1,0,0,0,1,0,0,0,0,1,1,0,0,0,0,1,0,0
"440",1,1,0,0,0,1,1,0,0,0,1,0,0,0,0,1,1,0,0,0,1,1,0,0,0
"441",1,1,1,1,1,1,1,1,1,1,1,1,1,0,0,1,1,1,1,0,1,1,1,1,0
"442",0,1,0,0,0,0,0,1,0,0,0,0,0,0,0,0,0,0,1,0,0,1,0,1,1
"443",1,1,1,1,1,1,1,1,1,1,1,1,0,0,0,1,1,1,1,1,0,1,1,1,0
"444",0,0,0,0,0,0,0,1,0,0,0,0,0,0,0,0,0,0,0,0,0,0,0,0,0
"445",0,1,1,1,0,0,1,1,1,1,0,1,1,1,1,1,1,1,1,1,1,1,1,1,1
"446",0,0,1,1,1,0,0,1,1,1,1,1,1,1,0,0,1,1,1,1,0,1,1,1,1
"447",1,0,0,0,0,0,1,0,0,0,0,0,0,0,0,0,1,1,0,0,0,0,0,0,0
"448",1,1,1,1,1,1,1,1,1,1,1,1,1,1,0,1,1,1,1,1,1,1,1,1,1
"449",0,1,1,1,0,1,1,1,1,0,1,0,1,0,0,0,1,1,1,1,0,1,1,1,1
"450",1,1,1,1,1,1,1,1,1,1,1,1,1,1,0,1,1,1,1,1,1,1,1,1,1
"451",0,1,1,1,0,1,1,0,1,0,1,0,0,0,0,1,1,1,0,0,0,0,0,0,0
"452",1,1,1,0,1,1,1,1,1,1,1,0,1,1,0,1,1,1,1,1,1,1,1,1,0
"453",0,1,0,0,0,0,0,1,1,0,1,0,0,0,0,0,0,0,0,0,0,0,0,0,0
"454",1,1,0,0,1,1,1,1,0,0,1,1,0,0,0,1,1,0,0,1,0,0,0,1,0
"455",1,1,0,0,0,0,0,1,0,0,0,0,0,0,0,1,1,1,0,0,0,1,0,0,0
"456",1,1,1,1,1,1,1,1,1,1,1,1,1,0,0,1,1,1,1,1,1,1,1,0,0
"457",1,1,0,0,0,1,1,1,1,0,1,0,0,0,0,1,1,0,0,0,1,1,0,0,0
"458",1,1,1,0,0,1,1,1,1,0,1,0,1,1,1,1,1,1,1,1,1,1,1,0,1
"459",1,0,0,1,0,0,1,1,0,0,0,1,0,0,0,0,1,1,1,0,1,0,1,0,0
"460",0,1,1,0,0,0,1,0,1,0,0,1,0,0,0,1,1,1,0,1,0,1,0,0,1
"461",0,0,0,1,1,1,1,1,1,1,1,1,1,1,1,1,1,1,1,1,1,1,1,1,1
"462",0,1,1,0,0,0,1,1,1,0,1,0,0,0,0,1,1,1,0,0,1,1,1,0,0
"463",1,1,1,0,0,1,1,1,1,0,0,0,0,1,0,1,1,1,1,0,0,1,0,0,1
"464",0,0,0,1,0,0,1,1,1,1,0,1,0,0,0,0,1,0,0,0,0,1,0,0,0
"465",1,1,1,1,0,1,1,1,1,0,1,1,1,0,0,1,1,1,1,0,1,1,1,1,0
"466",0,0,0,0,1,0,0,1,1,0,0,0,0,0,0,0,1,0,0,0,0,0,0,0,0
"467",1,1,1,0,0,1,1,1,0,0,1,1,0,0,0,1,0,1,0,0,1,1,0,0,0
"468",1,1,1,0,1,1,1,1,1,1,0,0,0,0,0,1,1,1,1,0,1,1,0,1,0
"469",1,1,1,0,0,1,1,1,0,0,1,0,1,0,0,1,1,1,1,0,0,1,1,1,0
"470",1,0,0,0,0,1,1,1,0,0,1,0,0,0,1,1,1,0,0,0,0,0,0,0,0
"471",0,1,1,0,0,1,1,1,0,0,0,0,0,0,0,1,1,1,0,0,0,0,0,0,0
"472",1,1,1,1,1,1,1,1,1,1,1,1,1,1,0,1,1,1,1,1,1,1,1,1,1
"473",1,1,0,0,0,1,1,1,0,1,1,0,1,0,0,1,1,1,0,0,1,1,1,0,0
"474",1,0,0,0,0,0,1,1,1,1,0,0,0,1,1,1,1,1,1,1,0,0,0,0,1
"475",1,1,1,0,0,1,1,1,0,0,1,0,0,0,0,1,1,1,1,0,1,1,0,0,0
"476",1,1,1,0,0,1,1,1,1,0,1,1,0,0,0,1,1,1,0,0,1,0,0,0,0
"477",0,1,1,1,0,1,1,1,1,1,1,1,1,1,1,1,1,1,0,0,1,1,1,0,1
"478",1,0,0,1,0,1,1,1,0,0,0,0,0,0,0,0,0,0,1,0,0,1,1,0,0
"479",1,1,1,1,1,1,1,1,1,1,1,0,0,0,0,1,1,0,1,0,0,0,1,0,0
"480",1,0,0,0,0,1,0,1,1,0,0,0,0,0,0,1,1,1,0,0,0,0,0,0,0
"481",1,1,0,0,1,1,1,1,1,0,1,1,0,0,0,1,1,1,0,0,1,1,1,0,0
"482",0,0,0,0,0,1,1,1,1,0,0,0,0,0,0,1,1,1,0,0,0,1,0,0,0
"483",1,1,1,1,1,1,1,1,1,1,1,1,1,1,1,1,1,1,1,1,1,1,1,1,1
"484",1,1,1,1,1,1,1,1,1,0,1,0,0,0,0,1,1,1,1,1,0,0,1,1,1
"485",1,1,0,1,0,1,1,1,1,0,1,0,0,0,0,0,1,0,1,1,0,1,0,1,0
"486",1,1,1,0,0,0,0,0,1,0,0,0,1,0,0,1,1,0,0,1,0,0,1,0,0
"487",1,1,0,0,0,1,0,0,0,0,1,0,0,0,0,0,1,0,0,1,0,0,0,0,0
"488",1,1,1,1,1,1,1,1,1,1,1,1,1,1,1,1,1,1,1,1,1,1,1,1,1
"489",0,0,0,0,0,0,0,0,1,0,0,0,0,0,0,0,0,0,0,0,0,0,0,1,0
"490",1,1,1,0,1,1,1,1,1,0,1,1,0,0,0,1,1,1,0,0,1,1,1,0,0
"491",0,1,1,0,0,0,1,1,1,0,0,1,0,0,0,1,1,1,1,0,0,1,1,1,0
"492",0,1,0,1,1,1,1,1,1,1,0,0,0,1,0,1,1,1,1,1,0,1,1,0,1
"493",1,0,1,1,1,0,0,1,1,0,0,0,0,1,1,0,1,1,1,0,0,1,0,0,1
"494",1,1,1,1,1,1,1,1,1,1,1,1,1,1,1,1,1,1,1,1,1,1,1,1,1
"495",0,0,0,0,0,1,1,1,0,0,0,0,0,0,0,0,0,0,0,0,0,0,0,0,0
"496",0,1,0,0,0,0,0,1,0,0,0,0,0,0,0,0,0,0,0,0,0,0,0,0,0
"497",1,1,0,0,0,1,1,1,1,0,1,0,0,0,0,1,1,1,0,0,0,1,0,0,0
"498",0,1,1,1,1,0,1,1,0,0,0,1,0,0,1,1,1,1,1,1,0,0,0,1,1
"499",1,1,1,0,0,1,1,1,1,0,0,0,0,0,0,1,1,0,0,1,0,0,0,0,0
"500",1,1,0,0,0,1,1,0,0,0,0,0,0,0,0,0,0,0,0,0,0,1,0,0,0
"501",0,0,0,0,0,0,0,0,0,0,0,0,0,0,0,0,0,0,0,0,0,0,0,0,0
"502",0,0,0,0,0,0,0,0,0,0,0,0,0,0,0,0,0,0,0,0,0,0,0,0,0
"503",1,1,1,1,0,1,1,1,0,0,1,1,1,0,0,1,1,1,1,0,1,1,1,1,0
"504",1,1,0,1,0,1,1,1,0,0,1,1,0,0,0,1,1,1,1,1,1,1,1,1,1
"505",0,0,0,0,1,0,0,0,0,0,0,0,0,0,0,0,0,1,1,1,0,0,0,0,1
"506",1,1,1,1,0,1,1,1,1,0,1,1,1,1,0,1,1,1,1,0,1,1,1,1,0
"507",1,0,0,0,0,1,0,0,0,0,0,0,0,0,0,0,0,0,0,1,1,0,0,0,0
"508",1,1,1,1,0,1,1,1,1,0,0,0,0,0,0,0,0,0,0,0,0,0,0,0,0
"509",1,1,0,0,0,1,1,1,0,0,1,1,0,0,0,1,1,1,0,0,0,1,1,0,0
"510",1,1,1,0,0,1,1,1,1,0,0,0,0,0,0,1,1,1,0,0,0,0,0,1,0
"511",0,0,1,0,0,0,1,1,0,0,0,0,0,0,0,1,1,0,0,1,0,0,0,0,0
"512",1,1,1,1,1,1,1,1,1,1,1,1,1,1,1,1,1,1,1,1,1,1,1,1,1
"513",0,1,0,0,0,0,0,0,0,1,0,0,0,0,0,0,0,1,0,1,0,0,0,0,0
"514",1,1,1,1,0,0,1,1,0,0,0,0,0,1,0,0,1,1,1,0,1,1,0,1,0
"515",1,1,0,0,0,1,1,1,1,1,0,0,0,1,0,0,0,1,1,1,0,0,1,0,0
"516",1,1,1,0,1,1,0,1,0,0,0,0,0,0,0,0,1,0,1,0,0,1,0,0,0
"517",1,1,1,0,0,1,0,0,0,0,0,1,0,0,1,0,0,0,0,0,0,1,0,0,0
"518",1,1,1,1,1,1,1,0,1,0,0,1,0,1,0,0,1,0,1,1,0,0,0,0,0
"519",1,1,1,1,1,0,1,1,1,1,0,1,1,1,1,0,1,1,1,1,0,0,1,1,1
"520",0,1,0,0,0,0,1,0,1,0,0,0,0,0,0,0,0,0,0,0,0,0,0,0,0
"521",0,0,1,1,0,1,0,1,1,0,0,0,0,0,0,0,1,1,1,1,0,0,0,0,0
"522",0,1,1,1,0,1,1,1,1,0,0,0,1,1,0,0,1,1,1,0,0,1,1,0,0
"523",0,1,1,1,1,1,1,1,1,1,0,0,0,0,0,1,1,0,0,0,0,0,0,0,0
"524",0,0,1,1,0,1,1,1,1,0,0,0,0,0,0,0,1,1,0,0,0,1,1,0,0
"525",0,1,1,1,0,0,1,1,1,0,0,1,0,1,0,0,1,1,1,1,0,1,1,1,0
"526",1,1,1,1,1,1,1,1,1,1,1,1,1,1,1,1,1,1,1,1,1,1,1,1,1
"527",1,1,1,1,0,1,1,0,0,0,1,0,1,0,0,1,1,0,0,0,1,0,0,0,0
"528",1,1,0,1,1,1,1,1,1,1,1,1,1,1,1,1,0,0,1,1,1,1,1,1,1
"529",1,1,1,0,0,1,0,1,1,0,1,0,0,0,0,1,1,1,1,0,1,1,0,0,0
"530",1,1,0,0,0,1,1,1,1,0,1,0,0,0,0,1,1,1,1,0,0,1,0,0,0
"531",1,0,0,0,0,1,1,1,1,0,0,1,0,0,0,0,1,1,1,0,0,1,0,0,0
"532",1,1,1,1,0,1,1,1,1,0,1,1,0,1,1,1,1,0,1,0,1,1,1,1,0
"533",0,1,1,1,1,0,1,1,1,1,0,0,0,0,0,0,1,1,0,0,0,0,0,0,0
"534",1,1,0,0,0,1,1,0,0,0,0,0,0,0,0,1,1,0,0,0,0,0,0,0,0
"535",1,1,1,1,1,1,1,1,1,1,1,1,1,1,0,1,1,1,1,1,1,1,1,1,1
"536",1,1,0,1,1,1,0,1,1,1,1,0,0,1,0,1,1,1,1,0,0,1,1,1,0
"537",0,0,1,0,0,0,1,1,1,1,0,1,0,0,0,0,1,1,1,0,0,1,1,1,0
"538",0,1,1,0,0,1,1,1,1,0,1,1,0,0,0,1,0,1,0,0,0,1,0,0,0
"539",1,1,1,1,1,1,1,1,1,1,1,0,0,0,0,1,1,1,1,1,1,1,0,0,0
"540",0,1,0,0,0,0,1,0,1,0,0,0,0,0,0,0,1,1,0,0,0,0,0,0,0
"541",1,1,1,0,0,1,1,1,0,0,1,0,0,0,0,1,1,1,0,0,1,1,0,0,0
"542",1,1,1,1,1,1,1,1,1,1,1,1,1,1,1,1,1,1,1,1,1,1,1,1,1
"543",0,0,0,0,0,0,0,0,0,0,0,0,0,0,0,0,0,0,0,0,0,0,0,0,0
"544",1,1,1,0,0,1,1,0,0,0,1,0,0,0,0,1,1,1,0,0,1,0,1,0,0
"545",1,1,0,0,1,1,1,1,0,0,1,0,0,0,0,1,1,1,0,0,1,1,1,0,0
"546",1,1,1,1,1,0,0,1,0,0,0,0,0,0,0,1,1,1,1,0,0,0,0,0,0
"547",1,1,1,1,0,1,1,1,1,0,1,1,0,0,0,1,1,1,0,0,1,1,1,0,0
"548",1,0,0,0,0,1,1,1,1,0,1,1,0,0,0,1,1,1,1,1,1,1,1,0,0
"549",1,0,0,1,0,0,1,0,0,0,0,0,0,0,0,0,0,0,0,0,0,0,0,0,0
"550",1,1,1,1,0,1,1,1,1,1,1,1,1,0,0,1,1,1,1,1,1,1,0,0,0
"551",1,1,1,0,1,1,1,1,0,1,1,1,1,1,0,1,1,1,0,1,1,1,1,1,0
"552",1,1,1,1,1,1,1,1,1,1,1,1,1,1,0,1,1,1,1,1,1,1,1,1,0
"553",1,1,1,1,0,1,1,1,1,0,1,1,1,0,0,1,1,1,0,0,1,1,1,0,0
"554",0,0,0,0,0,1,0,0,0,0,0,0,0,0,0,0,1,0,0,0,0,0,0,0,0
"555",1,0,1,1,1,1,0,1,1,0,0,1,0,1,0,0,1,1,1,0,1,1,1,1,0
"556",1,1,1,1,1,1,1,1,0,0,0,0,0,0,0,0,1,1,1,1,1,1,1,1,1
"557",0,1,1,1,0,0,1,1,1,0,0,1,1,0,0,0,1,1,1,0,0,1,1,1,0
"558",1,1,0,0,0,1,0,1,1,0,1,0,0,0,0,1,1,0,0,0,1,0,0,0,0
"559",0,0,1,0,0,0,1,1,1,1,1,1,0,0,0,1,1,1,1,0,1,1,1,1,0
"560",0,0,1,0,0,0,0,0,0,0,0,0,0,0,0,0,0,0,0,0,0,0,0,0,0
"561",1,1,1,1,1,1,1,1,1,1,1,1,1,1,0,1,1,1,1,1,1,1,1,1,0
"562",1,1,1,1,1,1,1,1,1,1,1,1,1,1,0,1,1,1,1,1,1,1,1,1,0
"563",1,1,1,1,1,1,1,1,1,1,1,1,1,1,1,1,1,1,1,1,1,1,1,1,1
"564",0,1,1,1,0,0,0,0,1,0,0,0,0,0,0,0,1,1,1,1,0,1,1,0,0
"565",0,0,0,1,1,0,0,1,1,1,0,0,0,0,0,0,1,1,1,1,0,1,1,1,0
"566",1,1,1,1,1,1,1,1,1,1,1,1,1,0,0,1,1,1,1,0,1,1,1,1,1
"567",1,1,1,1,0,1,1,1,1,0,1,1,1,0,0,1,1,1,1,0,1,1,1,1,0
"568",1,1,0,0,1,1,1,1,1,0,0,0,0,0,0,1,1,1,0,0,0,0,0,0,0
"569",0,1,0,0,0,0,0,1,0,0,0,0,0,0,0,0,1,0,0,0,0,0,0,0,0
"570",1,0,1,0,0,1,1,1,1,0,1,0,0,0,0,1,1,0,1,0,1,1,0,0,0
"571",0,1,1,0,0,1,1,1,0,0,1,1,0,0,0,1,1,1,0,0,1,1,1,1,0
"572",1,1,0,1,0,1,1,0,1,0,1,1,0,0,0,1,1,1,0,0,0,1,0,0,0
"573",1,0,1,1,0,1,0,1,1,0,0,1,1,1,0,0,1,1,1,0,0,1,1,0,0
"574",0,0,0,0,0,0,0,0,0,0,0,0,0,0,0,0,0,1,0,0,0,0,1,1,0
"575",1,1,1,1,1,1,1,1,1,1,1,1,1,1,1,1,1,1,1,1,1,1,1,1,1
"576",1,0,0,0,0,1,0,1,0,0,0,0,0,0,0,0,1,0,0,0,1,0,0,0,0
"577",1,1,1,0,0,1,1,0,0,0,1,1,1,0,0,1,1,1,0,0,0,1,1,0,0
"578",1,0,0,0,0,1,0,1,1,0,0,0,0,0,1,0,1,0,0,0,0,0,0,0,0
"579",0,1,0,0,0,1,1,1,1,0,0,0,0,0,0,1,1,1,0,0,0,0,0,0,0
"580",1,1,0,0,0,1,1,0,1,0,0,0,0,0,0,1,1,0,0,0,0,0,1,0,0
"581",0,0,0,0,0,1,1,1,1,0,0,0,0,0,0,0,0,0,0,0,0,0,0,0,0
"582",1,0,0,1,1,0,1,1,1,1,0,0,1,0,0,0,1,0,1,0,0,0,0,1,0
"583",0,0,0,0,1,0,0,0,1,1,0,0,0,0,0,0,0,0,0,0,0,0,0,0,0
"584",0,1,0,0,0,1,1,1,1,0,1,1,0,0,0,1,1,1,0,0,1,1,1,0,0
"585",1,1,0,1,1,1,1,1,1,1,1,0,1,1,0,1,1,1,1,1,1,1,1,1,1
"586",0,0,0,1,0,0,0,1,1,0,0,0,0,0,0,0,0,0,0,0,0,0,0,0,0
"587",1,1,1,1,1,1,1,1,1,1,1,0,1,0,0,1,1,1,1,0,1,1,1,0,0
"588",1,1,1,0,0,0,1,0,1,0,1,1,0,0,0,1,1,0,0,0,1,1,1,0,0
"589",0,1,1,1,1,1,1,1,1,0,0,1,0,0,1,0,1,1,1,0,0,1,1,0,0
"590",1,1,1,0,1,1,1,1,1,0,1,1,0,0,0,1,1,1,1,0,1,0,0,0,0
"591",0,0,0,0,0,1,1,0,0,0,0,0,0,0,0,1,1,0,0,0,0,1,0,0,0
"592",0,1,1,1,1,0,1,1,1,1,1,0,1,1,1,1,1,1,1,1,0,1,1,1,1
"593",1,1,1,0,0,1,1,1,1,0,1,1,0,0,0,1,1,1,1,0,0,1,1,0,0
"594",0,0,1,0,0,0,1,1,1,0,0,0,0,0,0,1,1,0,0,0,0,1,0,0,0
"595",1,1,1,1,1,0,1,1,1,1,0,0,1,1,1,0,1,1,1,1,0,0,1,1,1
"596",1,1,0,0,1,0,1,1,0,0,0,1,1,0,0,1,1,1,1,1,0,1,1,1,1
"597",1,1,1,0,0,1,1,1,1,1,1,1,0,0,1,1,1,1,0,0,0,0,0,1,1
"598",0,1,0,0,0,0,0,1,0,0,0,0,0,0,0,0,0,0,0,0,0,0,0,0,0
"599",1,0,0,0,1,0,0,0,0,0,0,0,0,0,0,0,0,0,0,0,0,0,0,0,0
"600",1,1,1,0,0,1,1,1,1,0,0,0,0,0,0,1,1,1,0,0,0,1,0,0,0
"601",1,1,1,1,1,1,1,1,1,0,1,1,1,1,0,1,1,1,1,1,1,1,1,1,0
"602",0,0,0,0,0,0,0,0,0,0,0,0,0,0,0,0,1,0,0,0,0,0,1,0,0
"603",0,0,0,0,0,1,1,1,1,0,0,0,0,0,0,1,1,1,0,0,0,0,0,0,0
"604",0,1,1,1,0,0,1,0,1,0,1,0,0,0,0,0,0,0,0,0,0,0,0,0,0
"605",0,0,0,1,0,0,0,0,0,0,0,0,0,0,0,0,0,0,0,1,0,0,0,0,0
"606",1,0,0,0,0,0,1,1,1,0,0,0,1,0,0,0,1,1,1,0,0,1,0,0,0
"607",1,1,1,1,1,1,1,1,1,1,0,1,0,0,0,1,0,0,0,0,0,0,0,0,0
"608",1,1,0,0,0,0,1,1,1,0,1,1,1,0,0,1,1,1,1,0,0,0,0,0,0
"609",1,0,0,0,0,0,0,1,1,0,0,0,0,0,0,0,0,0,1,0,0,0,0,0,0
"610",1,1,0,0,0,1,0,1,1,0,1,0,0,0,0,0,1,0,0,0,1,0,0,0,0
"611",0,1,0,0,0,1,1,0,0,0,0,0,0,0,0,0,1,0,0,0,0,0,0,0,0
"612",1,1,0,0,0,1,1,1,1,0,0,0,0,0,0,0,0,1,0,0,0,0,1,1,0
"613",0,0,1,0,1,0,0,1,1,1,0,0,1,0,0,0,1,1,0,1,0,0,0,0,1
"614",1,0,1,1,0,1,1,1,0,0,1,1,0,0,0,1,1,1,0,0,0,0,0,0,0
"615",1,0,0,0,0,1,1,0,0,0,1,0,0,0,0,0,0,0,0,0,0,0,0,0,0
"616",1,0,0,0,0,0,1,1,0,0,0,0,0,0,0,1,1,0,0,0,1,1,0,0,0
"617",1,1,0,0,0,1,1,1,1,0,0,0,0,0,0,0,1,1,0,0,0,0,1,0,0
"618",1,1,1,1,0,1,1,1,1,1,1,1,1,1,1,1,1,1,1,1,0,1,1,1,0
"619",0,0,1,1,1,0,0,1,0,0,0,0,1,1,0,0,0,0,1,1,0,0,0,1,1
"620",1,1,0,0,0,1,0,0,1,0,1,0,1,0,0,1,1,0,0,0,1,0,1,0,0
"621",0,0,0,0,0,0,0,0,0,0,0,0,0,0,0,0,1,1,0,0,0,0,0,0,0
"622",1,1,1,1,1,1,1,1,1,1,1,1,1,1,0,1,1,1,1,1,1,1,1,1,1
"623",1,1,0,0,0,1,1,1,1,0,1,0,0,0,0,1,1,0,0,0,1,0,0,0,0
"624",1,1,1,1,1,1,1,1,1,1,1,1,1,1,0,1,1,1,1,1,1,1,1,1,1
"625",1,0,1,0,0,1,1,1,0,0,1,1,0,0,0,1,1,0,0,0,1,1,0,0,0
"626",1,0,0,0,1,1,1,0,0,0,1,1,0,0,0,1,1,1,0,0,0,0,0,0,0
"627",1,1,1,1,1,1,1,1,1,0,1,0,1,1,0,1,1,1,1,1,1,1,1,0,0
"628",1,0,0,0,0,0,0,1,0,0,0,0,0,1,0,0,0,0,0,0,0,0,0,0,0
"629",1,1,0,0,0,1,1,1,1,0,1,0,0,0,0,1,0,0,0,0,0,0,1,0,0
"630",1,1,1,1,0,1,1,1,1,1,1,1,1,1,0,1,1,1,1,1,1,1,1,1,0
"631",1,1,0,0,0,1,1,1,1,0,0,0,0,0,0,1,1,1,0,0,1,1,0,0,0
"632",1,1,0,0,0,1,1,1,0,0,1,0,0,0,0,1,0,0,0,0,0,1,0,0,0
"633",1,0,0,1,1,1,0,1,1,0,1,1,1,0,0,1,1,1,1,0,1,1,0,0,0
"634",1,1,0,0,0,1,1,1,0,0,1,0,0,0,0,1,0,0,0,0,1,1,0,0,0
"635",0,1,0,0,0,1,1,1,0,0,0,0,0,0,0,1,1,1,0,0,1,1,0,0,0
"636",1,1,1,0,0,1,1,1,1,0,0,0,0,0,0,1,1,1,1,0,0,0,0,0,0
"637",1,1,1,1,0,1,1,1,1,0,1,1,1,1,0,1,1,1,1,0,1,1,1,1,0
"638",1,1,0,0,0,1,1,1,1,0,0,0,0,0,0,0,1,1,1,0,1,0,0,0,0
"639",0,1,0,1,0,1,1,0,1,0,0,1,0,1,0,1,0,1,0,1,1,1,1,0,0
"640",1,1,0,1,1,0,0,1,0,1,1,0,1,0,0,0,1,1,1,1,0,1,1,0,0
"641",1,1,0,0,0,0,1,1,0,0,0,0,1,0,1,0,1,1,0,1,0,0,1,0,0
"642",1,1,0,0,0,1,1,1,1,0,1,0,0,0,1,1,1,0,1,1,1,0,0,0,0
"643",1,1,0,0,1,0,0,1,0,0,0,1,0,0,0,0,1,0,1,0,0,1,0,0,0
"644",1,1,1,1,1,0,0,0,0,0,0,0,0,0,0,0,0,0,0,0,0,0,0,0,0
"645",1,1,1,0,0,1,1,1,1,0,1,1,0,0,0,1,1,0,0,0,1,1,1,0,0
"646",1,1,0,0,0,1,1,1,1,0,0,0,0,0,0,1,1,1,0,0,0,0,0,0,0
"647",0,1,0,0,0,0,0,0,0,0,0,0,1,0,0,0,1,0,0,0,0,1,1,0,0
"648",1,1,0,0,0,1,1,0,0,0,1,1,0,0,0,1,1,1,0,0,1,1,0,0,0
"649",0,1,0,1,0,1,1,1,1,0,0,0,0,1,0,1,1,0,1,0,1,1,1,0,0
"650",1,1,1,0,0,1,1,1,0,0,1,1,0,0,0,1,1,1,0,0,0,0,0,0,0
"651",0,1,0,0,1,0,1,1,1,1,0,1,0,1,0,0,1,1,1,1,0,1,1,0,0
"652",1,1,1,1,1,1,1,1,1,0,1,1,1,1,0,1,1,1,1,1,1,1,1,1,1
"653",1,1,0,0,0,1,1,1,1,0,1,0,0,0,0,1,0,1,0,0,0,1,1,0,0
"654",1,1,1,0,0,1,1,1,1,0,1,1,0,0,0,1,1,1,0,0,0,1,0,0,0
"655",1,1,1,0,0,1,1,1,1,0,1,1,1,0,0,1,1,1,1,0,1,1,1,1,0
"656",1,1,0,0,0,1,1,1,0,1,1,0,0,0,0,0,0,0,0,0,0,1,1,0,0
"657",1,1,1,1,1,1,1,1,1,1,1,1,1,1,0,1,1,1,1,1,0,1,1,1,0
"658",1,1,0,0,0,1,0,0,0,1,1,0,0,0,1,1,0,0,0,1,0,0,0,0,0
"659",1,1,1,1,0,1,1,1,1,0,1,1,1,0,0,1,1,1,1,1,1,1,1,1,0
"660",1,1,1,0,0,1,1,1,1,0,1,0,1,0,0,1,1,0,0,0,0,1,1,0,0
"661",1,1,1,0,0,1,1,1,1,0,1,1,1,0,0,0,1,1,0,0,0,1,0,0,0
"662",1,1,1,0,0,1,1,1,0,0,1,1,0,0,0,1,1,0,0,0,1,1,0,0,0
"663",1,1,1,0,0,1,0,1,0,0,0,0,0,0,0,1,1,0,0,0,1,0,0,0,0
"664",1,1,0,0,0,1,1,1,1,0,1,1,1,0,0,1,1,1,1,0,1,1,1,0,0
"665",0,1,1,1,1,0,0,0,0,1,0,0,0,0,0,0,0,0,0,0,0,0,0,0,0
"666",1,1,1,0,0,1,1,1,1,0,0,1,0,0,1,1,1,1,1,0,1,1,1,0,0
"667",1,1,1,1,0,1,1,1,1,0,0,1,0,0,0,1,1,1,1,0,1,1,1,0,0
"668",1,1,0,1,0,0,0,1,0,0,0,0,0,0,0,0,1,0,0,1,0,0,0,0,0
"669",1,0,0,1,0,1,1,1,0,0,1,0,0,0,0,1,1,0,0,0,1,1,0,0,1
"670",1,1,1,0,0,1,1,1,0,0,1,1,0,0,0,1,1,1,0,0,1,1,0,0,0
"671",0,1,1,1,1,0,1,1,1,1,0,0,1,1,0,0,1,1,1,1,0,1,1,1,1
"672",1,1,0,0,0,0,1,1,0,1,0,0,1,1,0,0,1,1,1,0,0,1,1,0,0
"673",1,1,1,1,1,0,1,1,1,0,0,1,1,0,0,0,1,1,0,0,0,1,1,1,0
"674",1,1,1,1,1,1,1,1,1,1,1,1,1,0,0,0,1,1,1,0,0,1,0,1,0
"675",0,1,0,0,0,0,1,1,0,0,0,1,0,0,0,1,1,0,1,0,0,1,0,0,0
"676",1,1,1,1,1,1,1,1,1,1,1,1,1,1,0,1,1,1,1,1,1,1,1,1,1
"677",1,0,0,0,0,0,0,1,1,0,0,1,0,0,0,1,0,0,1,0,0,1,1,0,0
"678",1,1,0,0,0,1,1,1,1,0,1,1,0,0,0,1,1,1,0,0,1,1,1,0,0
"679",1,1,1,1,0,1,1,1,1,0,1,1,0,0,0,1,1,0,0,1,1,0,1,0,0
"680",1,1,1,0,0,1,1,0,0,0,1,1,0,0,0,1,0,1,0,0,1,1,1,1,1
"681",0,0,0,1,1,1,1,1,1,0,0,0,0,0,0,1,1,1,1,0,0,0,0,0,0
"682",1,1,0,0,1,1,1,1,1,1,1,1,0,1,0,1,1,1,1,1,0,0,0,1,1
"683",0,1,1,1,0,0,1,1,0,0,0,1,1,0,0,0,1,1,1,0,0,1,1,0,0
"684",1,1,1,1,0,1,1,1,1,0,1,1,1,1,0,1,1,1,1,1,0,1,1,1,1
"685",1,1,1,1,0,1,1,1,1,1,1,1,0,1,1,1,1,1,1,0,1,1,0,0,0
"686",1,1,1,1,0,1,1,1,0,0,1,1,1,0,0,1,1,1,0,0,1,1,1,0,0
"687",0,0,0,0,0,1,1,1,0,0,0,0,0,0,0,0,1,1,0,0,0,0,0,0,0
"688",0,1,1,1,1,0,0,1,1,1,0,0,1,1,1,0,0,1,1,1,0,1,1,1,1
"689",0,0,1,0,1,1,1,0,1,0,0,0,0,0,0,1,1,1,1,1,0,0,0,0,1
"690",1,0,0,1,0,0,1,1,1,1,0,1,0,0,0,1,1,0,0,0,0,0,0,0,0
"691",1,1,1,1,1,1,1,1,1,1,1,1,1,1,0,1,1,1,1,1,1,1,1,1,0
"692",1,1,1,1,1,1,0,1,1,1,1,1,1,0,1,1,1,1,1,1,0,1,1,1,1
"693",1,0,0,1,0,1,0,1,0,1,0,0,1,0,0,1,1,1,0,0,0,1,0,0,0
"694",1,0,0,0,0,0,1,0,1,0,0,1,0,0,0,0,0,0,0,0,0,0,0,0,0
"695",1,1,1,1,0,1,1,1,1,1,1,1,0,0,0,1,1,1,1,0,1,1,1,1,0
"696",0,1,1,0,0,0,1,1,1,0,0,1,0,0,0,0,1,1,1,0,0,1,0,1,0
"697",0,1,1,1,1,0,1,0,1,0,0,0,1,0,1,0,1,0,1,1,0,1,0,1,0
"698",1,0,0,0,0,1,1,1,0,0,0,1,0,0,0,1,1,0,0,0,1,1,0,0,0
"699",0,1,1,0,0,1,1,1,1,1,1,1,1,1,1,1,1,1,1,1,1,1,1,1,1
"700",0,1,1,1,1,0,1,1,1,1,0,0,0,0,0,0,1,1,1,1,0,1,1,1,0
"701",0,1,1,1,1,1,1,1,0,0,1,1,0,0,0,0,1,1,1,1,1,0,1,1,0
"702",1,0,0,0,0,1,1,1,0,0,0,0,0,0,0,1,1,1,0,1,0,1,0,0,0
"703",0,1,0,0,0,1,0,0,0,0,1,0,0,0,0,1,1,0,0,0,0,1,0,0,0
"704",0,1,0,0,1,1,1,1,0,1,0,1,0,0,0,0,1,0,0,1,0,1,0,0,1
"705",1,1,1,0,0,1,1,0,1,0,0,1,1,0,0,1,1,0,0,0,0,1,1,0,0
"706",1,1,1,0,1,1,1,1,1,1,1,1,1,1,0,1,1,1,1,1,1,1,1,0,1
"707",1,1,0,0,1,0,0,0,1,0,0,0,0,1,0,0,1,0,0,0,0,0,0,0,0
"708",0,0,0,0,0,0,0,1,0,0,0,0,0,0,0,0,0,0,0,0,0,0,0,0,0
"709",1,0,1,0,0,1,1,0,1,0,1,0,0,0,0,0,1,0,0,0,1,0,1,0,0
"710",1,1,1,1,0,1,1,1,1,0,1,1,1,0,0,1,1,1,0,0,0,0,1,1,0
"711",0,1,0,0,0,0,1,1,1,1,0,0,1,0,0,1,1,1,0,0,0,1,1,0,0
"712",0,1,1,1,1,0,0,0,0,0,0,0,1,1,1,0,1,0,1,1,0,1,0,1,1
"713",0,0,1,1,1,0,0,0,0,1,0,0,0,0,0,0,0,0,1,1,0,0,1,0,1
"714",0,1,1,0,0,0,1,0,0,0,0,0,0,0,0,0,0,0,0,0,0,0,0,0,0
"715",0,1,0,0,0,0,0,0,1,0,0,0,0,0,0,0,1,1,0,0,0,0,0,0,0
"716",1,0,0,0,0,1,0,1,0,0,0,0,0,0,0,1,0,0,0,0,1,1,0,0,0
"717",1,1,1,0,1,1,1,1,0,0,0,0,0,1,1,1,1,0,0,1,0,1,0,0,1
"718",1,0,1,0,0,1,0,1,0,0,0,0,0,0,0,1,1,0,0,0,1,0,0,0,0
"719",1,1,1,1,1,1,1,1,1,0,1,1,0,1,0,1,1,0,1,0,0,1,1,1,0
"720",1,1,0,0,0,1,1,1,1,0,1,1,0,0,0,1,1,1,1,0,0,1,0,0,0
"721",0,1,1,1,1,0,1,1,1,1,0,0,0,0,0,0,1,1,1,1,0,0,0,1,0
"722",1,0,0,0,0,1,1,1,0,0,1,0,0,0,0,1,1,1,0,0,1,1,1,0,0
"723",1,1,1,1,0,1,1,1,1,1,1,1,1,1,1,1,1,1,0,0,1,1,1,1,1
"724",0,0,0,0,1,1,1,1,1,1,0,0,0,0,0,1,1,1,1,1,1,0,1,1,0
"725",0,0,1,0,0,0,0,1,0,0,0,0,1,0,0,0,0,1,0,0,0,0,0,0,0
"726",1,1,1,1,1,1,1,1,1,1,1,1,1,1,1,1,1,1,1,1,1,1,1,1,1
"727",0,1,0,0,0,0,0,1,0,0,0,0,0,0,0,0,0,0,0,0,0,0,0,0,0
"728",1,1,1,1,0,1,1,1,1,1,1,1,1,0,0,1,1,1,1,0,0,1,1,0,0
"729",1,1,1,0,0,1,1,1,1,0,0,0,0,0,0,0,1,1,1,0,0,1,1,0,0
"730",1,0,1,0,0,1,1,1,0,0,1,0,0,0,0,1,1,0,0,0,1,1,0,0,0
"731",1,1,1,0,0,1,1,1,1,0,1,1,0,0,0,1,0,0,1,1,1,0,0,1,1
"732",1,1,1,0,0,1,1,1,1,0,1,0,0,0,0,1,1,1,0,0,0,1,1,0,0
"733",0,1,1,0,0,0,1,1,1,0,0,1,1,0,0,1,1,1,0,0,0,1,1,0,0
"734",1,1,1,1,0,1,1,1,1,1,0,0,1,0,1,0,1,1,1,1,0,0,1,1,1
"735",1,0,0,0,1,1,1,0,0,1,0,0,0,0,0,0,1,1,0,0,0,1,1,0,1
"736",1,1,0,1,0,1,1,1,0,0,1,0,1,0,0,1,1,1,0,0,1,1,0,1,0
"737",1,1,1,0,0,1,1,1,1,0,1,1,0,0,0,1,1,1,1,0,1,1,1,1,0
"738",1,1,0,1,1,1,1,1,1,1,0,0,1,0,1,1,1,1,1,1,1,0,0,1,1
"739",1,1,1,1,1,1,1,1,1,1,1,0,1,1,0,1,1,1,1,1,1,1,1,1,0
"740",0,0,0,0,0,1,1,1,1,1,1,1,1,1,1,1,1,1,1,1,1,1,1,1,1
"741",0,0,0,1,0,0,0,1,1,1,0,0,0,0,0,1,1,1,1,1,0,1,1,1,0
"742",1,1,1,1,0,0,1,1,1,1,0,0,1,1,0,0,0,1,1,1,0,0,1,1,1
"743",1,1,1,1,1,1,1,1,1,1,0,0,0,1,1,1,1,1,1,1,0,1,1,1,1
"744",0,0,0,1,1,0,0,1,0,1,0,0,0,0,0,1,0,0,1,0,0,0,1,0,0
"745",1,0,0,1,1,0,1,0,1,1,0,1,0,1,0,1,1,1,1,1,0,0,0,1,1
"746",1,1,1,1,0,0,1,1,1,1,0,0,0,0,0,0,1,1,1,1,0,0,0,0,1
"747",1,1,1,0,0,1,1,1,1,0,0,0,0,0,0,1,1,1,1,0,0,1,0,0,0
"748",1,1,1,1,1,1,1,1,1,1,1,0,1,1,0,1,1,1,1,1,1,1,1,1,1
"749",1,0,1,0,0,1,1,0,1,0,1,0,0,0,0,0,0,0,0,0,1,0,1,0,0
"750",1,1,0,1,0,1,1,1,0,0,1,0,1,0,0,1,1,1,1,0,1,1,1,1,0
"751",1,1,0,0,0,0,1,1,1,0,0,0,0,0,0,0,1,1,0,0,0,0,0,0,0
"752",1,1,1,0,1,1,1,1,1,0,1,1,0,0,0,1,1,1,0,0,1,1,1,0,0
"753",0,0,0,0,1,0,0,0,0,1,0,0,0,0,0,0,0,1,0,0,0,0,0,0,0
"754",1,0,1,0,0,1,1,1,1,0,1,1,1,0,0,1,1,1,0,0,1,1,0,1,0
"755",0,1,0,1,0,1,0,1,1,0,0,0,0,0,0,0,1,0,0,0,0,1,0,1,0
"756",1,1,1,1,1,0,1,1,1,0,1,0,1,1,1,0,0,0,0,0,0,0,0,0,0
"757",1,1,1,0,0,1,1,1,1,1,1,1,1,0,0,1,0,1,0,0,1,1,1,1,0
"758",1,1,0,0,1,1,1,1,1,0,1,1,0,1,0,1,1,1,0,0,1,1,0,0,0
"759",1,1,1,1,0,1,1,1,1,0,1,1,1,1,0,1,1,1,1,0,1,1,0,0,0
"760",1,1,0,0,0,1,1,1,0,0,0,0,0,0,0,1,1,1,1,1,0,1,0,0,0
"761",0,1,1,0,0,1,1,1,0,0,0,0,0,0,0,1,0,1,0,0,1,1,0,0,0
"762",1,0,0,0,1,1,0,0,0,0,1,0,0,0,0,1,1,0,0,1,0,0,0,0,0
"763",1,1,1,1,1,1,1,1,1,1,1,1,1,0,0,1,1,1,1,1,1,1,1,1,1
"764",1,1,1,1,0,1,1,1,1,0,1,1,1,0,0,1,1,1,1,0,1,1,1,0,0
"765",0,1,1,1,0,0,1,0,1,0,0,0,0,0,0,0,0,1,0,1,0,0,1,0,0
"766",1,0,1,0,0,1,0,1,0,0,1,1,0,0,0,1,1,1,1,0,1,1,1,1,0
"767",1,1,1,1,0,1,1,1,0,0,1,0,0,0,0,1,1,0,0,0,1,1,0,0,0
"768",1,1,1,0,1,1,1,1,1,1,1,1,1,0,0,1,1,1,0,0,1,1,1,0,0
"769",1,1,1,1,1,1,1,1,1,0,1,1,1,0,1,1,1,1,1,0,1,1,1,1,0
"770",1,1,0,1,0,1,1,1,1,1,0,1,1,0,0,1,1,1,1,1,0,1,1,1,0
"771",1,1,0,0,0,1,1,1,0,0,1,0,0,0,0,1,1,0,0,0,0,0,0,0,0
"772",1,1,1,1,1,1,1,1,1,1,1,1,1,1,1,1,1,1,1,1,1,1,1,1,0
"773",1,1,0,0,0,1,0,1,1,0,1,0,0,0,0,1,1,1,1,0,1,0,0,0,0
"774",1,0,0,0,0,1,1,1,0,0,1,0,0,0,0,1,1,0,0,0,1,0,1,0,0
"775",1,0,1,0,0,1,0,1,0,0,1,0,0,0,0,1,1,1,0,0,0,0,0,0,0
"776",1,0,0,0,0,1,1,1,0,0,1,1,0,0,0,1,0,0,0,0,0,1,0,0,0
"777",1,1,1,1,0,1,1,1,1,0,0,0,1,1,0,1,1,1,0,0,0,0,0,0,1
"778",1,0,0,0,1,1,1,1,1,0,0,0,0,0,0,1,1,1,0,1,1,1,1,0,0
"779",1,1,0,0,1,1,0,1,1,1,1,0,0,1,1,1,0,0,0,1,0,0,0,0,0
"780",1,1,1,1,1,1,1,1,1,1,1,1,1,1,1,1,1,1,1,1,0,1,1,1,1
"781",1,1,1,0,0,1,1,1,1,0,1,1,0,0,0,1,1,1,0,0,1,1,1,1,0
"782",1,0,0,0,0,1,0,1,1,0,1,0,1,0,0,0,1,0,0,0,1,0,1,0,0
"783",1,1,0,0,0,0,0,0,0,0,0,0,0,0,0,0,0,0,0,0,0,0,1,0,0
"784",1,1,0,0,0,1,1,0,0,0,1,1,0,0,0,1,1,1,0,0,0,1,0,0,0
"785",1,1,1,0,0,1,1,1,1,0,1,1,1,0,0,1,1,1,1,1,1,1,0,0,0
"786",1,1,0,0,1,1,1,0,0,0,1,0,0,1,0,1,1,1,0,1,1,0,1,0,0
"787",1,1,1,1,1,1,1,1,1,0,1,1,0,0,0,1,1,1,1,1,1,1,1,0,0
"788",0,0,0,0,0,0,0,1,1,0,0,0,0,0,0,0,0,0,0,0,0,0,0,0,0
"789",1,1,1,0,0,1,1,1,0,0,1,1,0,0,0,1,1,1,0,1,1,1,1,0,0
"790",1,1,0,0,1,1,1,1,0,0,0,0,0,1,0,0,1,1,1,1,0,0,1,1,0
"791",1,1,1,0,1,0,1,1,1,0,0,1,0,1,0,1,1,0,0,0,0,0,1,1,0
"792",1,0,1,0,1,1,0,0,0,0,0,1,1,1,0,1,1,1,0,0,0,0,0,1,0
"793",1,1,0,0,0,1,1,1,1,0,1,0,0,0,0,1,0,1,0,1,0,1,0,1,0
"794",1,1,1,1,1,1,1,1,1,0,1,1,1,1,0,1,1,1,1,1,1,1,0,1,1
"795",1,1,0,0,0,1,1,1,1,1,1,1,1,1,0,1,1,1,1,1,1,1,1,1,0
"796",0,0,1,0,1,0,0,1,1,0,0,0,0,0,0,0,1,1,1,0,0,0,0,0,0
"797",1,1,1,0,0,1,1,1,0,0,1,1,0,0,0,1,1,0,0,0,1,0,0,0,0
"798",1,0,0,1,0,1,1,1,0,0,0,0,0,0,0,0,1,1,0,1,0,0,0,0,1
"799",1,1,1,1,1,1,1,1,0,0,1,1,0,0,0,1,1,1,0,0,1,1,0,0,0
"800",0,0,0,0,1,0,1,1,0,1,0,0,0,0,0,1,1,1,1,0,0,0,0,0,0
"801",1,0,0,0,0,0,1,0,0,0,0,0,0,0,0,0,0,1,0,0,0,0,0,0,0
"802",1,1,0,0,0,0,1,0,0,0,1,0,0,0,0,1,1,0,0,0,0,1,1,0,0
"803",1,1,0,0,0,1,1,1,1,0,1,1,0,0,0,1,1,1,0,0,1,1,1,0,0
"804",1,1,1,0,0,1,1,1,0,0,1,0,0,0,0,1,0,1,0,0,1,0,0,0,0
"805",1,1,0,0,0,1,1,0,0,1,1,1,1,1,1,1,1,1,1,1,1,1,1,1,1
"806",0,1,1,0,1,1,0,1,1,0,0,0,0,0,0,1,1,1,0,0,0,0,0,0,0
"807",1,0,0,0,0,1,0,0,0,0,1,0,0,0,0,1,0,0,0,0,1,0,0,0,0
"808",1,1,1,0,1,1,1,1,1,0,0,1,0,1,0,1,1,1,1,0,1,1,1,0,0
"809",1,1,0,1,1,1,0,1,1,0,0,1,0,0,0,1,1,1,0,1,0,1,1,0,0
"810",1,1,1,0,0,1,1,1,0,0,1,1,0,0,0,1,1,1,0,0,1,1,1,0,0
"811",1,1,0,0,0,1,1,1,1,0,1,1,0,0,0,1,1,0,0,0,1,1,0,0,0
"812",1,1,1,0,0,1,0,1,0,0,1,0,1,0,0,1,0,0,0,1,0,1,0,0,0
"813",1,1,0,0,1,1,1,1,0,0,1,0,0,0,0,1,1,1,1,0,0,0,0,0,0
"814",0,1,0,0,0,1,1,0,0,0,0,0,0,0,0,1,0,0,0,0,0,0,0,0,0
"815",0,0,1,0,0,1,1,1,1,0,0,0,0,0,0,1,1,1,1,0,0,0,1,0,0
"816",1,1,0,0,0,0,1,1,1,0,0,0,0,0,0,1,1,1,0,0,1,1,1,0,0
"817",0,0,1,1,1,0,1,0,1,1,0,0,0,1,0,0,0,1,0,1,0,0,0,1,0
"818",1,1,1,0,0,1,1,1,1,0,1,0,0,0,0,1,1,1,0,0,1,1,0,1,0
"819",1,0,0,1,1,1,1,1,1,1,0,0,1,1,0,0,1,1,1,1,0,1,1,1,0
"820",1,1,1,0,0,1,1,1,0,0,1,0,0,0,0,1,1,1,0,0,1,1,0,0,0
"821",1,1,0,0,0,1,1,1,0,0,1,0,0,0,0,1,1,0,0,0,0,1,1,0,0
"822",1,1,1,0,0,1,1,1,1,0,0,0,0,0,1,0,1,1,0,0,0,1,0,0,0
"823",1,1,1,1,1,1,1,1,1,1,1,1,1,0,0,1,1,1,1,1,1,1,1,1,0
"824",1,1,0,0,0,1,1,0,0,0,1,0,0,0,0,0,0,0,0,0,1,0,0,0,0
"825",1,0,0,0,1,1,1,1,1,0,0,0,0,1,1,0,1,1,1,1,0,1,1,1,0
"826",0,0,0,0,0,0,0,0,0,0,0,0,0,0,0,0,0,0,0,0,0,0,0,0,0
"827",1,0,0,1,0,1,1,1,0,0,1,0,0,0,0,1,1,0,1,0,0,0,0,0,0
"828",1,1,0,0,0,1,0,0,0,0,0,0,0,0,0,0,1,0,0,0,1,0,0,0,0
"829",1,1,0,0,0,0,0,0,0,0,0,0,0,0,0,0,0,0,0,0,0,0,0,0,0
"830",1,1,1,0,0,1,1,1,1,0,1,0,0,0,0,1,1,1,0,0,0,0,0,0,0
"831",1,1,1,0,0,1,1,1,1,1,1,1,0,0,0,1,1,1,1,1,1,1,1,0,0
"832",1,1,0,1,0,0,1,0,1,1,0,0,1,0,0,0,1,1,1,0,0,1,1,0,1
"833",1,1,1,0,0,1,0,1,0,1,0,0,1,0,0,1,1,1,1,0,0,0,1,0,0
"834",1,0,0,0,0,1,1,1,1,1,1,1,0,0,0,1,1,1,0,0,1,1,0,0,0
"835",1,1,0,0,0,1,1,0,0,0,1,0,0,0,0,1,0,0,0,0,0,0,0,0,0
"836",0,0,0,0,0,1,0,1,1,0,0,0,0,0,0,0,1,0,0,0,0,0,1,0,0
"837",1,1,1,0,0,1,0,0,1,0,0,0,0,0,0,0,1,1,0,0,0,0,1,0,0
"838",1,1,0,0,0,0,1,0,1,0,0,0,0,0,0,0,1,1,0,0,0,0,0,0,0
"839",1,0,0,0,0,0,0,0,0,0,1,0,0,0,0,0,1,0,0,0,0,0,0,0,0
"840",1,1,0,0,0,1,1,1,1,0,1,1,0,1,1,1,1,1,0,0,1,1,1,0,0
"841",1,1,1,1,1,1,1,1,1,0,1,1,0,0,0,1,1,1,1,0,1,1,1,1,0
"842",0,0,1,1,0,1,1,1,1,1,1,1,1,1,0,1,1,1,1,0,0,0,1,1,0
"843",1,1,0,0,0,1,0,0,0,0,1,0,0,0,0,1,1,0,0,0,1,0,0,0,0
"844",0,0,0,1,1,1,1,0,1,0,0,0,1,1,0,1,1,0,1,1,0,1,0,0,1
"845",1,1,1,1,1,1,1,1,1,0,1,1,0,1,0,1,1,1,1,1,1,1,1,1,1
"846",1,0,0,0,0,0,0,1,1,0,0,0,0,1,0,0,1,1,0,0,0,1,0,0,0
"847",0,1,1,0,0,1,1,1,0,0,0,0,0,0,0,1,0,1,0,0,0,0,0,0,0
"848",0,1,1,1,1,0,1,1,1,1,0,0,1,1,0,1,1,1,1,1,1,1,1,1,0
"849",1,1,1,0,1,0,0,1,0,0,0,1,0,0,0,0,1,0,0,1,0,1,0,0,0
"850",1,1,1,0,0,1,1,0,1,0,0,1,0,0,0,1,1,1,0,0,0,1,1,0,0
"851",1,0,1,0,0,0,0,0,0,0,0,0,0,0,0,1,0,0,0,1,0,0,0,0,0
"852",1,1,0,0,0,1,1,1,0,0,1,0,0,0,0,1,1,1,0,0,1,1,1,0,0
"853",0,1,1,1,1,0,0,1,1,1,0,0,0,1,1,0,0,1,1,1,0,0,1,1,1
"854",1,1,1,0,0,1,1,1,1,0,1,1,0,0,0,1,1,1,0,0,1,1,1,0,0
"855",1,1,1,1,1,1,1,1,1,1,1,1,1,1,0,1,1,1,1,1,0,0,0,0,0
"856",1,0,0,1,1,1,1,1,0,1,1,1,1,1,0,0,1,0,1,1,1,0,1,1,1
"857",1,1,1,0,0,1,0,1,0,0,1,0,0,0,0,1,0,0,0,0,1,1,0,0,0
"858",1,1,0,1,1,1,0,1,0,0,1,0,1,1,0,1,1,1,1,1,1,1,1,1,1
"859",1,1,0,0,0,1,0,1,0,0,0,0,0,0,0,0,1,0,0,0,1,0,0,0,0
"860",1,0,0,0,0,1,0,1,0,0,1,1,0,0,0,1,1,0,0,0,0,1,0,0,0
"861",0,0,0,0,0,1,1,0,0,0,1,0,0,0,0,1,1,0,0,0,1,0,0,0,0
"862",1,1,1,1,1,0,0,1,0,0,0,0,1,0,0,0,1,1,0,0,0,0,0,0,0
"863",1,1,1,0,0,1,1,1,1,0,0,1,0,0,0,1,0,0,0,0,0,1,0,0,0
"864",1,0,1,0,0,1,1,1,1,1,0,1,1,0,0,1,1,1,1,0,0,1,1,0,0
"865",1,1,0,0,0,1,1,1,1,1,1,0,0,0,0,1,1,0,0,0,1,1,0,0,0
"866",1,0,0,0,1,1,0,0,1,1,1,1,1,1,0,1,1,1,1,1,1,1,1,1,1
"867",1,1,1,1,1,1,1,1,1,1,0,1,0,1,1,1,1,1,1,1,1,1,1,1,1
"868",1,1,0,0,0,1,0,0,0,0,1,1,0,0,0,1,1,0,0,0,1,0,0,0,0
"869",1,0,1,0,0,1,0,1,0,0,0,0,0,0,0,1,0,1,0,0,0,0,0,0,0
"870",1,1,0,0,0,1,1,1,1,0,0,1,0,0,0,1,1,0,1,1,0,0,0,1,0
"871",0,0,1,0,0,1,0,0,1,0,0,0,0,0,0,1,1,0,0,0,0,0,0,0,0
"872",0,0,0,0,0,0,0,0,0,0,0,0,0,0,0,0,0,1,0,0,0,0,0,0,0
"873",1,1,1,1,1,1,1,1,1,1,1,1,1,1,0,1,1,1,1,1,1,1,1,1,1
"874",1,1,0,0,1,1,1,1,1,0,1,1,0,0,0,1,1,1,0,1,1,1,1,0,0
"875",1,1,0,1,0,1,1,1,1,1,1,0,0,0,0,1,1,0,0,0,1,0,0,0,0
"876",1,1,1,0,1,0,1,1,1,1,0,0,0,0,0,0,0,1,1,1,0,0,1,1,1
"877",1,1,1,0,0,1,1,1,0,0,0,0,0,1,0,0,0,1,0,0,0,1,0,0,0
"878",1,1,1,0,0,1,1,1,1,0,1,1,0,0,0,1,1,1,1,0,1,1,1,0,0
"879",0,1,0,0,0,0,0,0,0,0,0,0,0,0,0,0,0,1,0,1,0,0,0,0,0
"880",1,0,0,0,0,1,1,1,1,0,1,1,0,0,0,1,1,1,1,1,1,0,0,0,0
"881",1,1,1,1,1,1,1,1,1,1,1,1,1,1,1,1,1,1,1,1,1,1,1,1,1
"882",0,0,1,0,0,1,1,1,1,0,0,0,0,0,0,1,1,1,0,0,1,0,0,0,0
"883",0,0,0,0,0,0,0,0,0,0,0,0,0,0,0,0,0,0,0,0,0,0,0,0,0
"884",1,0,1,0,0,1,0,1,0,0,0,0,0,0,0,0,1,0,1,1,0,1,0,0,1
"885",0,0,0,0,0,0,0,1,0,0,0,0,0,0,0,0,0,0,0,0,0,0,0,0,0
"886",1,1,1,1,0,1,1,1,1,1,1,0,1,0,0,1,0,0,1,0,1,1,0,0,0
"887",0,0,1,0,0,0,0,1,1,1,0,0,0,0,0,0,1,1,1,1,0,0,1,0,0
"888",1,1,1,1,0,1,1,1,1,0,1,0,0,0,1,1,1,1,1,1,1,1,1,1,0
"889",0,0,0,0,0,0,0,0,0,0,0,0,0,0,0,0,0,0,0,0,0,0,0,0,0
"890",0,0,0,0,0,1,0,0,0,0,0,0,1,0,0,0,0,0,0,0,1,0,0,0,0
"891",1,1,1,0,0,1,0,0,0,0,1,0,0,0,0,1,1,0,0,0,1,0,0,0,0
"892",1,1,1,1,0,0,1,1,1,0,0,1,0,0,0,1,1,1,1,0,1,0,0,0,0
"893",1,0,0,0,1,1,1,1,1,0,1,1,0,0,0,1,1,1,1,0,1,1,0,0,0
"894",1,1,1,1,0,1,1,1,1,1,1,1,1,1,0,1,1,1,0,0,0,1,1,0,0
"895",1,1,0,0,0,1,1,1,0,0,1,1,0,0,0,1,1,0,0,0,1,1,0,0,0
"896",0,1,1,0,0,0,0,0,0,0,0,0,0,0,0,0,0,0,0,0,0,0,0,1,0
"897",1,0,0,0,1,0,1,0,0,1,0,0,0,1,1,0,1,0,1,1,0,0,0,0,1
"898",1,1,1,0,0,1,1,0,1,0,0,0,0,0,0,0,0,0,0,1,1,1,1,0,1
"899",0,1,1,1,1,0,1,1,1,1,0,1,1,1,0,0,1,1,1,1,0,1,1,1,1
"900",1,0,0,1,0,0,1,0,1,0,0,0,0,0,0,1,0,1,0,0,0,0,0,0,0
"901",0,0,0,0,0,0,0,0,0,0,0,0,0,0,0,0,0,0,1,0,0,0,0,0,0
"902",1,1,0,0,0,1,1,1,0,0,1,1,0,0,0,1,1,0,0,0,1,1,0,0,0
"903",0,1,0,0,0,0,0,1,1,0,0,0,0,0,0,0,1,1,0,0,0,0,1,0,0
"904",1,1,1,1,1,1,1,1,1,1,0,1,1,1,1,1,1,1,1,0,1,0,0,0,1
"905",1,0,0,0,0,1,0,0,0,0,0,0,0,0,0,0,0,0,0,0,0,0,0,0,0
"906",1,0,0,0,0,1,1,1,0,0,0,0,0,0,0,0,1,0,0,0,0,1,0,0,0
"907",1,1,1,0,0,1,1,0,1,0,1,0,1,0,0,0,1,1,0,1,0,1,0,0,0
"908",0,0,0,0,0,0,0,1,1,1,0,0,1,1,0,1,1,1,1,1,1,1,1,1,1
"909",0,1,1,0,0,0,1,0,0,1,0,0,0,0,1,0,1,0,0,0,1,0,0,0,0
"910",1,1,1,0,1,0,1,1,0,1,0,0,0,0,0,0,1,1,0,1,0,0,0,0,1
"911",1,0,0,0,0,1,0,1,1,0,1,0,1,1,0,1,1,1,1,1,0,0,1,1,0
"912",1,0,1,0,0,1,0,1,1,0,0,1,0,0,0,0,1,1,1,0,0,0,1,0,0
"913",0,0,1,1,1,0,0,1,1,1,0,0,1,0,0,0,1,1,1,0,1,1,1,1,0
"914",0,0,1,0,0,0,0,0,0,0,0,0,0,0,0,0,0,0,0,0,0,0,0,0,0
"915",0,0,0,1,1,0,0,1,1,0,0,0,1,0,0,0,1,1,1,1,0,0,0,0,0
"916",1,0,0,0,0,1,1,1,0,0,0,0,1,0,0,1,1,1,0,0,0,1,0,0,0
"917",1,1,0,0,0,1,1,1,0,0,1,0,0,0,0,1,1,0,1,0,1,0,1,0,0
"918",0,0,0,0,0,1,1,1,1,0,0,0,0,0,0,1,1,1,1,0,0,0,0,0,0
"919",1,1,0,0,0,1,1,0,0,0,0,0,0,0,0,1,0,0,0,0,0,0,0,0,0
"920",1,1,1,1,1,1,1,1,0,0,1,1,1,1,0,1,1,1,0,0,1,1,1,0,0
"921",1,1,0,0,0,0,0,1,1,0,0,0,0,0,0,0,1,1,0,0,0,1,0,0,1
"922",1,1,1,0,0,1,1,1,1,0,1,0,0,0,0,1,1,1,0,0,1,1,0,0,0
"923",1,1,1,0,0,1,1,1,1,0,0,0,0,0,0,1,1,0,0,0,0,1,0,0,0
"924",0,0,0,0,0,0,0,1,1,0,0,0,0,0,0,0,1,1,0,0,0,0,0,0,0
"925",1,1,1,0,0,1,1,0,0,0,1,0,0,0,0,1,1,1,0,0,1,0,0,0,0
"926",1,1,1,1,1,1,1,1,1,1,1,1,1,1,1,1,1,1,1,1,1,1,1,1,1
"927",1,1,1,0,0,1,1,1,1,0,1,1,0,0,0,1,1,1,0,1,1,1,1,0,0
"928",1,1,1,1,0,1,1,1,1,0,1,1,1,1,0,1,1,1,1,1,1,1,1,1,0
"929",0,1,1,1,1,0,1,1,1,1,0,1,1,0,1,0,1,1,1,1,0,0,1,0,0
"930",1,1,1,1,0,1,1,1,1,0,0,0,0,1,0,1,1,1,1,1,0,1,1,1,0
"931",0,0,1,1,0,0,0,0,1,1,0,0,0,0,0,0,1,0,0,0,0,0,0,0,0
"932",1,1,0,0,0,0,1,1,1,1,0,0,0,0,0,1,1,1,0,0,1,0,1,1,0
"933",1,1,1,0,0,1,0,0,0,1,1,0,1,0,0,1,1,1,1,0,1,1,0,0,0
"934",1,1,0,0,0,1,0,0,0,0,0,0,0,0,0,0,0,0,0,0,0,0,0,0,0
"935",0,0,1,0,0,0,0,1,0,0,0,0,0,0,0,0,0,0,0,0,0,0,0,0,0
"936",0,0,0,0,0,0,0,1,0,0,0,0,0,0,0,0,0,0,0,0,0,0,0,0,0
"937",1,1,1,1,0,1,1,1,1,1,1,1,1,0,0,1,1,1,1,1,1,1,1,1,0
"938",1,0,0,0,0,1,0,1,1,0,1,0,0,0,0,1,1,1,1,0,0,0,0,0,0
"939",1,1,1,0,0,1,1,1,1,1,1,1,1,0,0,1,1,1,1,1,1,1,1,1,0
"940",1,1,0,0,0,0,1,0,1,0,1,0,1,0,0,0,1,0,0,0,0,1,0,0,0
"941",1,1,1,1,1,1,1,1,1,1,1,1,1,1,1,0,0,0,1,1,0,0,0,1,1
"942",1,0,1,0,0,1,0,1,0,0,0,0,0,0,0,1,0,0,0,0,0,0,0,0,0
"943",1,0,0,0,0,0,0,0,0,0,0,0,0,0,0,0,0,0,0,0,0,0,0,0,0
"944",0,0,1,1,0,1,1,1,1,0,0,1,0,1,0,0,1,0,1,0,0,0,0,0,0
"945",0,1,0,0,1,0,1,0,0,0,0,1,0,0,0,1,0,0,0,0,0,1,0,1,0
"946",1,1,1,1,1,1,1,1,1,1,1,0,0,1,0,1,1,1,1,0,0,0,0,0,0
"947",1,1,0,0,0,1,1,1,0,0,0,0,0,0,0,1,1,1,0,0,0,0,0,0,0
"948",1,1,1,0,0,1,1,1,1,0,0,0,0,0,0,1,1,1,0,0,1,1,0,0,0
"949",1,1,1,1,0,1,1,1,1,0,1,0,1,0,0,1,1,1,1,0,0,1,1,1,0
"950",0,1,1,0,0,1,1,1,1,0,0,0,0,0,0,1,1,1,0,0,0,0,0,0,0
"951",1,1,1,0,0,1,1,1,1,0,0,0,0,0,0,1,1,1,0,0,0,0,1,0,0
"952",0,0,1,0,0,1,0,1,0,0,0,0,0,0,0,1,1,0,0,0,1,0,0,0,0
"953",1,1,1,1,1,1,1,1,1,1,0,0,1,1,1,0,1,1,1,0,1,0,1,0,0
"954",0,0,1,1,1,0,0,1,1,1,0,0,1,1,1,1,1,1,1,1,0,0,0,1,1
"955",1,1,1,1,1,1,1,1,1,1,1,1,1,0,0,1,1,1,1,0,1,1,1,0,0
"956",0,1,0,0,0,0,0,1,0,0,0,0,0,0,0,0,1,0,0,0,0,0,1,0,0
"957",1,1,0,0,0,1,1,0,0,0,1,0,0,0,0,1,0,1,0,1,1,0,0,0,0
"958",0,0,1,1,1,0,0,1,1,1,0,0,0,1,1,1,1,1,1,1,0,1,1,1,1
"959",0,1,1,1,1,0,1,1,1,1,0,1,0,0,0,1,1,1,1,1,0,1,1,0,0
"960",1,1,1,0,1,1,1,1,1,0,1,1,0,0,0,1,1,1,1,1,0,1,0,0,0
"961",1,1,0,0,1,1,1,1,1,0,1,0,0,0,1,1,1,1,1,0,1,1,0,1,0
"962",1,1,1,1,1,1,1,1,1,0,0,1,0,0,0,1,1,1,0,0,1,1,1,1,0
"963",0,0,1,1,1,1,0,1,0,1,0,0,0,1,0,0,0,0,1,1,0,0,0,1,1
"964",1,1,0,0,0,1,1,1,1,0,0,0,1,0,0,0,1,1,0,0,0,0,0,0,0
"965",1,1,0,0,0,1,1,1,1,0,0,1,0,0,0,0,1,0,0,0,0,0,1,0,0
"966",0,0,1,1,1,1,1,1,1,0,1,0,1,1,0,0,1,0,1,1,0,0,1,1,0
"967",1,1,0,0,0,1,1,1,0,0,1,1,0,0,0,1,1,1,0,0,1,1,1,0,0
"968",1,1,1,0,0,1,1,1,1,0,1,0,0,0,0,1,1,0,0,0,0,1,0,0,0
"969",1,1,0,0,0,1,1,1,0,0,0,0,0,0,0,1,1,0,0,0,1,1,0,0,0
"970",1,1,1,0,0,1,1,1,1,0,0,0,0,0,0,1,1,1,0,0,1,0,1,0,0
"971",1,1,0,1,1,0,1,1,1,1,0,0,1,1,1,1,1,1,1,1,0,0,0,1,1
"972",0,0,0,1,0,0,1,1,0,0,0,0,1,0,0,1,1,0,0,0,0,0,0,0,0
"973",1,1,0,0,0,1,1,1,1,0,0,0,0,0,0,1,1,1,1,0,0,1,1,0,0
"974",0,0,0,0,0,0,1,1,0,0,0,0,1,0,0,0,1,0,0,0,0,1,1,0,0
"975",1,1,1,1,1,1,1,1,1,1,1,1,1,1,1,1,1,1,1,1,1,1,1,1,1
"976",0,1,0,0,1,1,0,1,1,0,1,0,1,1,1,1,0,1,0,1,0,1,0,0,0
"977",1,1,1,1,0,1,1,1,1,1,1,1,1,0,0,1,1,1,1,1,1,1,1,1,0
"978",1,1,1,0,1,1,1,1,0,0,1,1,0,0,0,1,1,1,0,0,1,1,1,0,0
"979",1,0,0,0,0,1,0,1,0,0,0,0,0,1,0,1,1,0,0,0,0,0,0,1,1
"980",1,0,0,0,0,0,1,0,0,0,0,0,0,0,0,1,1,0,0,0,0,0,0,0,0
"981",1,1,0,1,0,1,1,1,1,0,0,1,1,1,0,1,1,1,1,1,1,1,1,1,1
"982",0,0,0,0,1,0,0,1,1,0,0,0,0,0,0,0,0,0,1,0,0,0,0,0,0
"983",1,1,1,1,1,1,1,1,1,1,1,1,1,1,0,1,1,1,1,1,1,1,1,1,0
"984",0,1,0,0,0,0,0,0,1,1,0,1,0,0,0,0,1,0,0,0,0,1,1,1,1
"985",1,1,1,1,1,1,1,1,1,0,1,0,0,1,0,0,1,1,0,0,0,0,0,0,0
"986",0,0,1,0,0,0,1,0,0,0,0,0,0,0,0,0,0,0,0,0,0,0,0,0,0
"987",1,1,0,0,0,1,0,0,1,0,0,0,0,0,0,0,0,0,0,0,0,0,0,0,0
"988",1,1,0,0,0,1,1,1,0,0,1,0,0,0,0,1,1,0,1,0,1,0,0,0,0
"989",1,1,1,0,1,1,1,1,1,0,1,1,0,0,0,1,1,0,1,1,0,1,0,1,0
"990",1,1,1,1,1,1,1,1,1,1,1,0,0,0,1,1,1,0,0,0,1,0,0,0,0
"991",1,0,0,1,1,1,1,1,0,0,0,0,0,1,0,1,1,1,1,1,0,1,0,0,0
"992",1,1,1,0,0,1,1,1,1,0,1,1,0,0,0,1,1,1,1,1,1,1,1,0,0
"993",1,0,0,0,0,1,1,1,1,0,1,0,0,0,0,1,1,1,0,0,1,1,0,0,0
"994",1,1,1,0,0,1,1,1,1,0,1,1,0,0,0,1,1,1,1,0,1,1,0,0,0
"995",1,0,0,0,0,0,0,0,0,0,0,0,0,0,0,0,0,0,0,0,0,0,0,0,0
"996",0,0,0,0,0,1,0,1,0,0,0,0,0,0,0,0,1,0,0,0,0,0,0,0,0
"997",1,1,0,1,1,1,1,1,1,1,1,0,0,1,0,1,1,1,1,1,1,1,1,1,1
"998",0,0,0,0,0,1,0,0,0,0,1,0,0,0,0,0,0,0,0,0,0,0,0,0,0
"999",1,1,0,0,1,1,1,1,0,0,1,0,0,0,0,1,0,1,0,1,1,1,1,0,1
"1000",0,0,0,0,0,0,0,0,0,0,0,0,0,0,0,0,0,0,0,0,0,0,0,0,0
"1001",0,0,1,1,1,0,0,1,1,1,0,1,1,1,1,0,1,1,1,1,0,1,1,1,1
"1002",1,1,0,0,0,1,1,0,1,0,0,0,0,0,0,1,1,0,0,1,1,0,0,0,0
"1003",1,1,1,0,1,1,1,0,0,0,0,0,0,0,0,1,1,0,0,0,0,0,0,0,0
"1004",1,0,1,0,0,1,1,1,1,0,1,0,0,0,0,1,1,1,0,0,1,0,0,0,0
"1005",0,0,0,0,0,0,0,0,0,0,0,0,0,0,0,0,0,0,0,0,0,0,0,0,0
"1006",1,1,1,1,1,1,1,1,1,1,1,1,1,1,0,1,1,1,1,0,1,1,1,0,0
"1007",0,0,0,0,1,1,0,1,1,0,0,0,0,0,0,0,1,1,1,1,0,1,1,1,0
"1008",1,1,1,1,1,1,1,1,1,1,1,0,1,1,1,1,1,1,1,1,1,1,1,1,1
"1009",0,0,0,0,0,1,0,0,0,0,0,1,0,0,0,0,0,1,0,0,1,0,1,1,0
"1010",1,1,0,0,0,0,0,1,0,0,0,0,0,0,0,0,1,1,0,0,0,0,1,0,0
"1011",1,1,1,0,0,1,1,1,0,0,1,0,0,0,0,1,1,0,0,1,1,1,0,0,0
"1012",0,0,0,0,1,0,0,1,0,0,0,0,0,0,0,0,0,0,0,0,0,0,0,0,0
"1013",1,1,0,1,0,1,1,0,0,1,0,0,0,1,0,0,0,0,0,0,0,0,0,0,0
"1014",1,1,1,0,0,1,1,1,1,0,1,1,0,0,0,1,1,1,0,0,1,1,1,0,0
"1015",1,0,1,1,0,1,1,1,1,0,1,1,0,0,0,1,1,1,0,0,1,1,1,1,0
"1016",1,1,1,1,1,1,1,1,1,1,0,1,1,1,1,1,1,1,1,1,0,1,1,0,1
"1017",1,1,1,1,0,1,1,1,1,0,1,1,1,0,1,1,1,1,1,1,1,1,1,0,0
"1018",0,1,0,1,0,1,1,1,0,0,1,0,1,0,0,1,1,1,0,0,0,0,0,1,0
"1019",0,0,0,0,0,1,0,0,0,0,0,0,0,0,0,1,1,0,0,0,1,0,0,0,0
"1020",0,1,1,0,0,0,1,1,1,0,0,0,0,0,0,1,1,1,1,0,0,0,0,1,0
"1021",1,0,0,0,1,1,0,0,1,0,0,0,0,0,0,1,0,1,0,1,0,0,0,0,0
"1022",1,1,1,1,1,1,1,1,1,1,0,1,0,1,0,1,1,1,1,1,0,0,0,1,0
"1023",0,1,0,1,1,1,1,1,1,1,1,1,1,0,0,1,1,1,0,1,1,1,1,0,0
"1024",0,1,0,0,0,0,0,1,0,1,0,0,0,1,0,0,0,0,1,1,0,0,1,1,0
"1025",0,1,0,0,1,1,1,1,1,0,1,0,0,0,1,0,0,1,0,0,0,1,0,0,1
"1026",1,1,1,0,0,1,1,1,1,0,1,1,0,0,0,1,1,1,1,1,0,0,1,1,0
"1027",1,1,0,1,1,1,1,1,1,1,0,0,0,1,0,0,1,1,1,1,1,1,1,0,0
"1028",0,1,0,1,0,0,0,1,1,0,0,0,0,1,0,0,1,0,0,0,0,0,0,0,0
"1029",1,0,0,0,0,1,0,0,0,0,1,0,0,0,0,0,0,0,1,0,0,0,0,0,0
"1030",1,1,0,1,0,1,0,1,1,0,1,1,1,0,0,1,1,1,0,0,1,1,0,0,1
"1031",1,1,1,1,1,1,1,1,1,1,1,0,0,0,0,1,1,1,1,0,1,1,0,0,0
"1032",1,0,0,0,0,0,1,0,1,0,0,0,0,0,1,0,0,1,0,1,0,0,0,0,0
"1033",1,0,1,0,1,1,0,1,1,0,0,0,0,0,0,0,1,1,0,0,0,0,0,0,0
"1034",1,0,0,0,0,1,1,0,0,0,1,0,0,0,0,1,1,0,0,0,0,1,0,0,0
"1035",0,0,0,0,0,0,1,1,0,0,0,0,0,0,0,0,1,1,0,0,0,0,1,0,0
"1036",1,1,1,0,0,1,1,1,1,0,1,1,1,0,0,1,1,1,1,0,1,1,1,1,0
"1037",1,1,0,0,1,1,1,1,1,1,0,1,1,1,1,0,1,1,1,1,0,1,1,1,1
"1038",1,1,1,0,0,1,1,1,1,0,1,1,0,0,0,1,1,0,0,0,0,1,1,0,0
"1039",1,1,1,0,0,0,0,0,0,0,0,0,0,0,1,0,0,0,0,0,0,0,0,0,1
"1040",1,0,1,1,0,1,0,0,1,0,0,0,0,0,0,0,1,0,0,0,0,1,0,0,0
"1041",1,1,1,1,1,0,1,1,1,1,0,1,1,1,1,0,0,1,1,1,1,0,1,1,1
"1042",0,1,0,0,0,1,0,0,0,0,0,0,0,0,0,0,1,0,0,1,0,0,0,1,1
"1043",1,0,0,1,0,1,0,0,0,0,1,1,1,1,1,1,0,0,0,0,1,0,0,0,0
"1044",0,0,0,0,0,0,0,0,0,0,0,0,0,0,0,0,0,0,0,0,0,0,0,0,0
"1045",0,0,1,1,0,0,0,1,0,0,0,0,1,0,0,0,0,0,0,0,0,0,1,0,0
"1046",1,1,0,0,0,1,1,1,1,0,1,1,0,0,0,1,1,1,0,0,1,1,1,0,0
"1047",1,1,1,0,0,1,1,1,1,0,1,1,1,0,0,1,1,0,1,1,1,1,0,0,0
"1048",1,1,0,0,0,1,1,0,0,0,1,0,0,0,0,1,1,0,0,0,0,1,0,0,0
"1049",1,1,0,0,0,1,1,1,1,0,0,1,0,1,0,1,1,1,0,0,1,1,0,0,0
"1050",1,1,0,0,0,1,1,1,1,0,1,1,0,0,0,1,1,1,0,0,0,1,1,0,0
"1051",1,1,1,0,1,0,0,1,1,0,1,1,0,0,0,1,1,1,1,1,0,0,1,1,0
"1052",1,1,1,1,1,1,1,1,1,1,1,1,1,1,1,1,1,1,1,1,1,1,1,1,1
"1053",1,1,1,1,0,1,1,1,1,0,1,1,1,0,0,1,1,1,1,0,0,1,1,0,0
"1054",1,1,1,0,0,1,1,1,0,0,1,0,0,0,0,0,0,0,0,0,1,0,0,0,0
"1055",1,1,1,1,1,1,1,1,1,1,1,0,0,0,0,1,1,1,1,1,0,1,1,1,1
"1056",1,1,1,1,1,0,1,1,1,0,0,0,0,0,0,1,1,1,1,1,0,1,0,0,0
"1057",0,0,0,0,0,0,0,0,0,0,0,0,0,0,0,0,1,0,0,0,0,0,0,0,0
"1058",0,1,0,1,1,0,1,1,1,1,0,1,0,1,0,0,1,1,0,0,0,1,0,0,0
"1059",1,1,1,1,1,1,1,1,1,1,0,1,1,1,1,0,1,1,1,1,1,1,1,0,1
"1060",1,0,0,0,0,1,1,1,1,0,1,0,0,0,0,1,1,1,0,0,1,1,0,0,0
"1061",1,0,0,0,0,1,1,0,1,0,1,0,0,0,0,1,1,0,0,0,1,1,0,0,0
"1062",0,0,0,0,0,0,0,0,0,0,0,0,0,0,1,0,0,0,0,1,0,0,0,0,1
"1063",1,1,1,1,1,1,1,1,1,1,1,0,0,1,0,1,1,1,0,0,1,1,1,1,0
"1064",1,0,1,1,0,1,1,1,0,0,0,0,0,0,0,0,0,1,1,0,0,0,0,0,0
"1065",0,0,0,0,0,0,0,0,1,1,0,1,0,0,0,0,0,1,0,0,0,0,0,0,0
"1066",1,1,1,0,0,0,1,1,1,0,0,1,1,1,0,1,1,1,1,1,1,1,1,0,0
"1067",1,1,1,1,0,1,1,1,1,1,1,1,0,0,0,1,1,1,0,1,1,1,1,1,0
"1068",0,0,0,1,1,0,0,0,0,0,0,0,1,1,1,0,1,1,1,0,0,1,1,0,1
"1069",1,0,1,0,0,1,1,1,0,0,0,0,0,0,0,1,1,1,0,0,0,0,1,0,0
"1070",1,1,0,0,0,0,1,1,0,0,0,0,0,0,0,0,1,0,0,0,0,1,0,0,0
"1071",1,1,1,0,0,1,1,1,1,0,0,1,0,0,1,0,1,1,1,1,0,1,1,1,0
"1072",1,1,1,0,0,1,1,1,1,0,1,0,0,0,1,1,1,1,0,1,1,1,0,1,1
"1073",1,1,1,0,0,1,0,1,1,0,0,1,0,0,0,0,0,0,0,0,1,0,0,0,0
"1074",1,1,1,0,0,0,1,1,0,0,0,0,0,0,0,0,1,0,0,0,0,1,0,0,0
"1075",1,0,0,1,1,1,1,1,0,0,1,0,0,0,0,1,1,0,1,1,1,1,1,1,1
"1076",0,1,0,1,1,1,1,1,0,0,0,1,1,0,0,1,1,1,1,1,0,1,1,1,1
"1077",0,1,0,0,1,0,1,1,0,0,0,0,0,0,0,1,0,0,0,0,0,0,0,0,0
"1078",0,0,0,0,0,0,0,0,0,0,0,0,0,0,0,0,0,0,0,0,0,0,0,0,0
"1079",0,0,0,0,0,1,0,1,0,0,1,0,0,1,0,1,1,1,0,1,0,1,0,0,0
"1080",1,1,1,1,1,0,0,1,1,1,0,0,0,1,0,1,1,1,1,1,0,1,1,1,0
"1081",0,0,0,0,0,1,0,1,0,0,0,0,0,0,0,1,1,1,1,0,0,0,0,0,0
"1082",1,1,0,0,0,1,1,1,1,1,1,0,0,0,0,1,1,1,0,0,0,1,0,0,0
"1083",1,1,0,1,1,1,1,0,0,0,1,1,1,1,1,1,1,0,1,0,1,1,1,1,1
"1084",1,1,1,0,0,1,0,1,1,0,0,0,0,0,0,1,1,1,1,0,0,0,1,0,0
"1085",0,1,0,0,0,0,1,1,1,0,0,0,0,0,0,1,1,1,0,0,0,1,0,0,0
"1086",0,0,1,0,0,1,1,1,1,1,0,0,0,0,0,1,1,1,0,1,0,0,0,1,0
"1087",0,0,0,0,0,0,0,0,0,0,0,0,0,0,0,0,0,0,0,0,0,0,0,0,0
"1088",0,1,1,1,1,1,1,1,0,1,1,1,0,1,1,0,1,1,1,1,0,0,0,1,1
"1089",0,1,1,0,1,1,0,1,1,0,1,1,1,0,1,0,1,0,0,0,0,1,0,0,0
"1090",0,1,1,1,1,0,1,1,1,1,0,0,1,1,1,0,1,1,1,1,0,1,1,1,1
"1091",1,1,1,0,0,1,1,1,1,0,1,1,1,0,0,1,1,1,1,0,1,0,1,0,0
"1092",0,1,1,0,0,0,1,1,1,0,0,0,0,0,0,0,1,1,0,0,0,0,0,0,0
"1093",0,0,0,0,0,0,0,0,0,0,0,0,0,0,0,0,0,0,0,0,0,0,0,0,0
"1094",1,1,0,0,0,1,1,1,0,0,1,0,0,0,0,1,1,1,0,0,1,0,0,0,0
"1095",1,1,0,0,1,1,1,1,1,0,1,0,0,1,0,1,1,1,0,0,0,0,0,0,0
"1096",1,1,1,0,0,1,1,1,1,0,1,1,0,0,0,1,1,1,1,0,0,0,1,0,0
"1097",0,0,1,0,0,0,0,0,1,0,0,0,0,0,0,0,1,1,0,0,0,0,0,0,0
"1098",1,1,0,0,0,1,1,1,1,0,1,1,0,0,0,1,1,0,0,0,1,1,0,0,0
"1099",1,1,1,1,1,1,1,0,1,1,1,1,0,0,0,1,1,1,1,0,1,1,1,0,1
"1100",0,0,1,0,1,0,1,1,1,1,0,0,1,1,0,0,1,1,0,0,0,0,1,1,1
"1101",1,1,1,1,1,1,1,1,1,0,0,0,0,1,1,1,1,1,1,0,1,1,1,1,0
"1102",1,1,1,1,0,1,1,1,0,0,1,0,0,0,0,1,1,1,1,0,1,1,0,0,0
"1103",1,1,1,1,0,1,1,1,0,0,1,1,1,0,0,1,1,1,0,1,1,1,1,0,1
"1104",0,0,1,0,1,0,0,1,1,0,1,1,1,0,0,0,1,0,1,0,0,1,0,1,0
"1105",0,1,0,1,0,1,1,1,1,0,0,1,0,0,0,1,1,1,0,0,0,1,1,0,0
"1106",0,0,0,0,1,0,0,0,0,0,0,0,0,0,0,0,0,0,0,0,0,0,0,0,0
"1107",1,1,1,0,0,1,1,1,1,0,0,1,1,0,0,1,1,1,1,1,0,1,0,1,0
"1108",1,0,0,0,0,1,0,0,0,0,0,0,0,0,0,1,0,0,0,0,0,0,0,0,0
"1109",0,0,1,0,0,1,0,1,0,0,0,1,1,1,0,1,0,0,0,0,0,0,0,0,0
"1110",1,1,1,1,1,1,1,1,1,1,1,1,1,1,1,1,1,1,1,1,1,1,0,1,1
"1111",1,0,0,0,0,1,0,0,0,0,1,0,0,0,0,0,1,0,0,0,0,0,0,0,0
"1112",1,1,0,0,1,1,1,1,1,1,1,0,0,1,1,1,1,1,1,1,0,0,1,1,1
"1113",1,1,1,1,1,1,1,1,1,1,1,1,1,1,1,1,1,1,1,1,1,1,1,1,1
"1114",1,0,0,0,0,1,0,1,0,0,0,0,0,0,0,0,1,0,0,0,0,0,0,0,0
"1115",1,1,1,1,1,1,1,1,1,1,1,1,1,1,1,1,1,1,1,1,1,1,1,1,1
"1116",0,0,0,1,1,0,1,0,1,1,0,0,0,0,1,0,1,1,0,1,0,0,0,1,1
"1117",0,1,1,1,1,0,1,1,1,0,0,1,1,1,0,0,1,1,1,1,0,1,1,0,0
"1118",1,0,0,0,0,0,0,0,0,0,0,0,0,0,0,1,1,0,0,0,0,0,0,0,0
"1119",1,1,1,0,1,1,1,1,1,0,1,1,1,1,1,1,1,1,1,1,1,1,1,1,1
"1120",1,1,1,1,1,1,1,1,1,1,1,1,1,1,0,1,1,1,1,1,0,1,1,0,0
"1121",1,1,1,1,1,1,1,1,1,1,1,1,1,1,0,1,1,1,1,1,1,1,1,1,1
"1122",1,1,0,0,1,0,0,1,1,0,0,0,0,0,0,0,1,1,0,0,0,0,0,0,1
"1123",0,1,1,1,1,0,1,1,1,1,0,1,1,1,0,0,1,1,1,1,0,1,1,1,1
"1124",1,1,1,1,0,1,1,1,1,0,0,0,0,0,0,1,1,1,1,1,1,1,1,0,0
"1125",1,0,0,0,0,1,0,1,1,0,0,0,0,0,0,0,1,1,1,1,1,0,0,0,0
"1126",0,1,1,1,1,0,1,1,1,1,1,0,0,0,0,1,1,1,1,0,0,1,1,1,0
"1127",0,0,0,0,0,0,0,1,1,1,0,0,0,0,0,0,1,1,1,1,0,0,0,0,0
"1128",1,1,1,1,0,1,1,1,1,0,0,0,0,0,0,1,1,1,1,0,1,1,0,0,0
"1129",1,1,1,0,0,1,1,1,0,0,0,1,1,0,0,1,1,1,0,0,1,1,1,0,0
"1130",1,1,1,0,0,1,1,1,0,0,0,0,0,0,1,0,0,0,0,1,0,0,1,0,0
"1131",1,1,1,1,1,1,1,1,1,1,1,1,1,1,1,1,1,1,1,1,1,1,1,1,1
"1132",1,1,1,1,1,1,1,1,1,1,1,1,1,1,1,1,1,1,1,1,1,1,1,1,1
"1133",1,1,0,1,0,0,1,1,1,0,0,1,0,1,0,1,1,0,0,1,0,1,0,0,0
"1134",1,1,1,1,1,1,1,1,1,1,1,1,1,1,1,1,1,1,1,1,1,1,1,1,1
"1135",1,1,1,0,1,1,1,1,1,0,1,1,0,1,0,1,1,1,0,1,1,1,1,0,1
"1136",1,1,1,1,0,1,1,1,1,1,0,0,1,0,0,1,0,1,1,0,0,0,1,0,1
"1137",0,0,0,0,0,0,0,0,0,0,0,0,0,0,0,0,0,0,0,0,0,0,0,0,0
"1138",1,1,1,0,0,1,1,1,1,0,1,1,0,0,0,1,1,1,0,0,1,1,1,0,0
"1139",1,1,1,1,1,1,1,1,1,0,1,1,0,0,0,1,0,1,0,0,1,1,0,0,0
"1140",1,1,0,1,1,1,1,1,1,1,1,1,0,1,0,1,1,1,1,1,1,1,1,0,0
"1141",1,1,1,1,0,0,1,1,1,0,0,0,0,0,1,0,1,1,0,0,0,0,0,0,0
"1142",1,1,0,0,0,1,1,0,0,0,0,1,0,0,0,1,1,1,0,0,1,0,0,0,0
"1143",1,0,0,0,0,1,0,0,0,0,1,0,0,0,0,1,0,0,0,0,0,0,0,0,0
"1144",0,1,0,1,0,0,1,1,0,0,0,0,0,0,0,1,1,0,1,0,0,1,0,1,0
"1145",0,0,0,0,0,1,1,1,0,0,0,0,0,0,0,1,1,1,0,0,0,0,0,0,0
"1146",1,0,0,1,0,1,0,0,1,0,0,0,0,1,0,1,0,0,1,1,1,0,0,1,1
"1147",1,1,1,0,0,1,1,1,1,0,0,1,1,0,0,1,1,1,0,0,0,1,1,0,0
"1148",0,0,1,0,0,0,1,1,1,0,0,0,0,0,0,1,1,0,0,0,0,0,0,0,0
"1149",1,1,0,0,0,1,1,0,1,0,1,1,0,0,0,1,1,1,0,0,0,0,0,0,0
"1150",1,1,1,1,1,1,1,0,0,0,1,0,0,0,0,1,1,0,0,0,1,1,0,0,0
"1151",1,1,1,1,1,1,1,1,1,1,1,1,1,1,0,1,1,1,1,1,1,1,1,1,1
"1152",1,1,1,0,0,1,1,1,1,0,1,1,0,0,0,1,1,1,0,1,1,1,1,0,0
"1153",1,1,1,1,1,1,1,1,1,1,1,1,1,1,0,1,1,1,1,1,1,1,1,1,0
"1154",0,0,0,0,0,0,0,0,0,1,0,0,0,0,0,0,0,0,0,1,0,0,0,0,0
"1155",0,0,1,1,1,1,1,1,1,1,0,0,0,0,0,1,1,1,1,0,0,0,0,0,0
"1156",1,1,1,0,0,1,1,1,1,0,1,0,0,0,0,1,1,1,0,0,0,1,1,0,0
"1157",1,0,1,0,1,1,1,1,0,1,1,1,1,0,1,1,1,1,0,1,1,1,1,0,1
"1158",1,0,0,1,0,1,1,1,1,1,1,1,0,0,0,1,1,1,0,0,1,1,1,0,0
"1159",1,1,0,1,0,1,1,1,1,0,0,0,0,0,0,1,1,1,1,0,0,1,0,0,1
"1160",0,1,1,0,0,1,1,1,1,0,0,1,0,0,0,0,1,1,1,0,0,1,1,1,0
"1161",1,1,1,0,1,1,1,1,1,0,1,0,0,1,1,1,1,1,0,1,1,0,0,1,1
"1162",1,0,0,0,0,1,1,1,1,0,1,0,0,1,0,1,1,0,0,1,0,1,0,0,0
"1163",1,1,0,0,0,1,1,1,1,0,0,0,0,0,0,0,1,0,0,0,1,0,0,0,0
"1164",0,1,1,0,0,0,0,1,0,0,0,1,0,0,0,0,1,1,1,0,0,0,0,0,0
"1165",0,1,1,0,0,0,1,1,1,0,0,0,1,0,0,0,1,0,0,1,0,0,0,0,0
"1166",0,0,0,0,0,0,0,0,0,0,0,0,0,0,0,0,0,0,0,0,0,0,0,0,0
"1167",1,1,1,1,1,1,0,1,1,1,1,1,1,1,1,1,1,1,1,1,1,1,1,1,1
"1168",0,0,0,0,0,0,0,0,0,0,0,0,0,0,0,0,0,0,0,0,0,0,0,0,0
"1169",1,0,1,1,1,1,1,1,1,1,1,1,1,1,0,1,1,1,1,1,1,1,1,1,0
"1170",0,0,0,1,1,0,0,1,1,1,0,0,0,1,1,0,0,0,1,1,0,0,0,1,1
"1171",0,0,0,0,1,1,1,1,0,0,0,0,0,0,0,1,1,1,0,0,0,1,0,0,0
"1172",1,1,0,1,1,1,1,1,1,0,1,0,1,1,0,1,1,1,1,1,1,1,1,0,0
"1173",1,1,0,0,0,1,1,0,0,0,1,0,0,0,0,1,1,0,0,0,1,0,0,0,0
"1174",1,1,0,1,0,1,1,1,1,1,1,1,0,1,0,1,1,1,1,1,1,1,1,1,0
"1175",1,1,1,0,0,1,1,1,1,0,0,0,0,0,0,1,1,1,0,0,1,1,0,1,0
"1176",1,0,0,0,0,1,1,1,1,0,1,0,0,0,0,1,1,1,1,0,0,1,0,1,1
"1177",1,0,0,0,0,1,1,1,0,0,0,0,0,0,0,0,1,0,0,0,0,0,0,0,0
"1178",1,0,0,0,0,1,1,1,1,0,0,0,0,0,0,1,1,1,0,0,0,0,0,0,0
"1179",1,1,1,0,0,1,1,1,1,0,1,1,0,0,0,1,1,1,0,0,1,1,1,0,0
"1180",0,0,0,0,0,1,1,1,1,0,0,0,0,1,0,0,1,1,0,0,0,1,0,0,0
"1181",0,1,1,0,0,1,0,1,1,0,1,0,0,0,0,0,1,1,0,0,0,1,1,0,0
"1182",1,0,0,0,0,1,0,0,0,0,0,0,0,0,0,0,1,1,0,1,0,0,0,0,0
"1183",1,1,1,1,0,1,1,1,1,0,1,0,0,0,0,1,1,1,0,0,0,1,0,0,0
"1184",0,1,1,0,0,0,1,1,1,0,1,1,0,0,0,1,1,1,0,0,0,1,1,0,0
"1185",1,1,1,0,1,1,1,1,1,0,0,0,0,0,0,1,1,1,1,1,1,1,0,0,0
"1186",1,1,1,0,0,1,1,1,1,0,0,0,0,0,1,1,1,1,0,0,0,0,0,0,0
"1187",1,0,0,0,0,1,1,1,0,0,1,0,0,0,0,1,1,0,0,0,0,0,0,0,0
"1188",0,0,1,1,1,0,1,1,1,1,0,1,1,1,0,0,0,1,1,1,0,0,0,1,0
"1189",1,1,1,1,0,1,1,1,1,0,0,1,1,0,0,1,1,1,1,0,0,1,1,0,0
"1190",0,1,0,0,0,0,1,1,1,1,0,1,0,0,0,1,0,0,0,0,0,1,1,0,0
"1191",1,0,0,0,0,1,0,0,1,0,0,0,0,0,0,0,1,1,1,0,0,0,0,0,0
"1192",1,0,0,0,0,1,0,1,1,0,0,0,0,0,0,0,1,1,0,0,0,0,1,0,0
"1193",1,0,0,0,0,1,0,0,0,0,1,0,0,0,0,1,0,0,0,0,0,0,0,0,0
"1194",1,1,1,1,1,1,1,1,1,1,1,1,1,0,0,1,1,1,1,1,1,1,1,1,0
"1195",1,1,1,1,1,1,1,1,1,0,1,1,1,1,0,1,1,1,1,1,1,1,1,1,0
"1196",1,0,0,0,0,1,1,1,0,0,1,1,0,1,0,1,1,1,0,0,1,1,1,0,0
"1197",1,1,1,0,1,1,1,1,1,0,1,0,1,0,0,1,1,1,0,0,0,1,1,0,0
"1198",0,1,0,0,0,0,0,1,0,0,1,0,0,0,0,1,1,1,0,0,1,0,0,0,0
"1199",0,0,0,0,0,1,1,1,0,0,0,0,0,0,0,0,0,1,0,0,0,0,0,0,0
"1200",0,1,0,0,0,0,0,1,0,0,0,0,0,0,0,1,1,0,0,0,1,0,0,0,0
"1201",0,1,1,0,0,0,1,1,1,0,0,0,1,1,0,0,1,1,0,0,0,1,1,0,0
"1202",0,0,0,0,0,1,1,1,1,0,0,0,0,0,0,1,1,1,0,0,1,0,0,0,0
"1203",1,1,1,1,0,1,1,1,0,1,0,0,0,0,0,1,1,0,1,0,1,1,0,0,0
"1204",1,0,0,0,0,1,1,1,0,0,0,0,0,0,0,0,0,0,0,0,1,1,0,0,0
"1205",1,1,1,1,0,1,1,1,1,0,1,1,1,1,0,1,1,1,1,0,1,1,1,0,0
"1206",1,1,1,0,0,1,1,1,1,0,1,0,0,0,1,1,1,1,1,1,0,0,1,1,0
"1207",1,1,1,0,0,1,1,0,0,0,0,0,0,0,1,1,1,0,0,1,0,0,0,0,0
"1208",1,0,0,0,0,1,1,0,1,0,1,1,0,0,1,1,1,0,0,1,1,1,0,0,1
"1209",0,0,0,0,0,0,1,0,0,0,0,0,0,0,0,0,0,0,0,0,0,1,0,0,0
"1210",1,1,1,1,1,1,1,1,1,0,1,0,0,1,0,1,1,1,1,0,1,1,0,0,0
"1211",0,0,1,1,0,0,1,1,1,0,0,0,0,0,0,1,1,1,1,0,0,1,1,0,0
"1212",1,1,1,1,1,1,1,1,1,1,1,1,1,1,1,1,1,1,1,1,0,1,1,0,1
"1213",0,0,0,0,0,0,0,0,0,0,0,0,0,0,0,0,1,0,0,0,0,0,0,0,0
"1214",1,1,1,1,1,1,1,1,1,1,1,1,0,0,0,1,1,1,1,1,1,1,1,1,1
"1215",0,0,0,1,0,0,1,1,1,0,0,0,1,1,0,0,1,1,1,0,0,1,1,1,0
"1216",1,0,0,1,1,1,0,1,1,1,0,0,1,1,1,0,0,1,1,1,0,0,1,1,1
"1217",1,1,1,1,1,1,1,1,1,1,1,1,1,1,0,1,1,1,1,1,1,1,1,1,0
"1218",1,1,1,1,1,1,1,1,1,1,1,1,1,1,0,1,1,1,1,1,1,1,1,0,1
"1219",1,1,0,0,0,1,0,1,0,0,1,0,0,0,0,1,1,0,0,0,1,0,0,0,0
"1220",1,1,1,0,0,1,0,1,0,1,1,0,0,0,0,1,1,0,0,0,0,1,0,0,0
"1221",1,1,0,0,0,1,1,0,0,0,1,0,0,0,0,1,1,0,0,0,0,0,0,0,0
"1222",1,1,1,0,1,1,1,1,0,1,0,0,0,1,1,1,0,0,0,1,0,0,1,0,1
"1223",1,1,1,1,1,1,1,1,1,0,0,1,1,0,0,0,1,1,1,1,0,1,1,1,1
"1224",1,1,1,0,0,1,1,1,1,0,1,1,0,0,0,1,1,1,0,0,1,1,1,0,0
"1225",1,1,1,1,0,1,1,1,1,0,1,1,1,0,0,1,1,1,1,0,0,0,1,1,0
"1226",1,0,1,0,0,1,1,1,1,1,1,0,0,0,0,1,0,0,0,0,1,0,0,0,0
"1227",1,1,1,0,0,0,0,1,1,0,0,1,0,0,0,1,0,1,1,0,0,1,1,0,0
"1228",1,1,0,0,1,1,1,1,0,0,1,1,0,0,0,1,1,1,1,1,1,1,1,0,0
"1229",1,1,1,0,0,1,1,1,1,0,1,1,0,0,0,1,1,1,0,1,1,1,1,0,0
"1230",1,0,1,1,0,1,0,1,0,0,0,0,0,0,0,1,0,1,1,0,0,0,0,0,0
"1231",1,1,0,0,0,1,1,0,0,0,1,0,0,0,0,1,1,0,0,0,1,1,0,0,0
"1232",0,0,0,0,0,0,0,0,0,0,0,0,0,0,0,0,0,0,0,0,0,0,0,0,0
"1233",1,1,0,1,1,1,1,1,1,0,0,0,0,0,0,1,1,0,0,1,0,0,0,0,0
"1234",0,1,1,0,0,0,1,1,1,1,1,0,0,1,1,0,0,1,1,0,0,1,0,1,1
"1235",1,1,0,0,0,0,1,1,1,0,0,0,0,0,0,1,1,1,0,1,0,0,0,0,1
"1236",1,1,0,0,0,1,1,1,0,1,0,0,0,0,0,0,1,1,0,1,0,0,1,0,0
"1237",1,1,1,1,1,1,1,0,0,1,1,1,0,0,0,1,1,1,0,0,1,1,0,0,1
"1238",1,1,1,0,0,1,1,1,1,0,1,1,0,0,0,1,1,1,0,0,1,1,0,0,0
"1239",0,0,1,1,0,1,1,1,0,0,0,0,0,0,0,1,1,0,0,0,0,1,0,0,0
"1240",0,0,1,1,1,1,1,1,1,1,1,1,1,0,0,0,1,1,1,1,0,0,1,1,0
"1241",1,1,1,1,1,1,1,1,1,1,1,1,0,0,0,0,1,1,1,1,0,0,0,0,0
"1242",1,0,0,0,1,1,1,1,0,0,0,0,0,0,0,1,1,1,0,1,0,1,0,0,0
"1243",1,1,0,0,0,1,1,0,1,0,0,1,1,0,0,0,1,1,1,0,0,1,1,1,0
"1244",1,1,1,1,1,1,1,1,0,0,1,1,1,1,0,1,1,1,1,1,1,1,1,1,0
"1245",1,1,0,0,0,1,1,1,0,0,0,0,0,0,0,1,1,1,0,0,0,0,0,0,0
"1246",0,0,0,0,0,0,0,0,1,0,1,0,0,0,0,0,1,0,0,0,0,0,0,1,0
"1247",0,0,0,0,1,0,0,0,0,0,0,0,0,0,0,0,0,0,0,0,0,0,0,0,0
"1248",1,1,1,1,1,1,1,1,1,1,1,1,1,1,1,0,1,1,1,1,0,0,0,0,0
